code	source
038.9	http://hl7.org/fhir/sid/icd-9-cm
041.49	http://hl7.org/fhir/sid/icd-9-cm
174.9	http://hl7.org/fhir/sid/icd-9-cm
185	http://hl7.org/fhir/sid/icd-9-cm
211.3	http://hl7.org/fhir/sid/icd-9-cm
238.2	http://hl7.org/fhir/sid/icd-9-cm
239.2	http://hl7.org/fhir/sid/icd-9-cm
242.90	http://hl7.org/fhir/sid/icd-9-cm
244.9	http://hl7.org/fhir/sid/icd-9-cm
246.8	http://hl7.org/fhir/sid/icd-9-cm
246.9	http://hl7.org/fhir/sid/icd-9-cm
250.00	http://hl7.org/fhir/sid/icd-9-cm
250.02	http://hl7.org/fhir/sid/icd-9-cm
250.40	http://hl7.org/fhir/sid/icd-9-cm
250.60	http://hl7.org/fhir/sid/icd-9-cm
250.80	http://hl7.org/fhir/sid/icd-9-cm
266.2	http://hl7.org/fhir/sid/icd-9-cm
268.9	http://hl7.org/fhir/sid/icd-9-cm
272.0	http://hl7.org/fhir/sid/icd-9-cm
272.2	http://hl7.org/fhir/sid/icd-9-cm
272.4	http://hl7.org/fhir/sid/icd-9-cm
274.9	http://hl7.org/fhir/sid/icd-9-cm
275.2	http://hl7.org/fhir/sid/icd-9-cm
276.1	http://hl7.org/fhir/sid/icd-9-cm
276.2	http://hl7.org/fhir/sid/icd-9-cm
276.51	http://hl7.org/fhir/sid/icd-9-cm
276.69	http://hl7.org/fhir/sid/icd-9-cm
276.7	http://hl7.org/fhir/sid/icd-9-cm
276.8	http://hl7.org/fhir/sid/icd-9-cm
276.9	http://hl7.org/fhir/sid/icd-9-cm
278.00	http://hl7.org/fhir/sid/icd-9-cm
278.01	http://hl7.org/fhir/sid/icd-9-cm
280.0	http://hl7.org/fhir/sid/icd-9-cm
280.9	http://hl7.org/fhir/sid/icd-9-cm
285.1	http://hl7.org/fhir/sid/icd-9-cm
285.29	http://hl7.org/fhir/sid/icd-9-cm
285.9	http://hl7.org/fhir/sid/icd-9-cm
286.9	http://hl7.org/fhir/sid/icd-9-cm
287.5	http://hl7.org/fhir/sid/icd-9-cm
288.60	http://hl7.org/fhir/sid/icd-9-cm
294.20	http://hl7.org/fhir/sid/icd-9-cm
298.9	http://hl7.org/fhir/sid/icd-9-cm
300.00	http://hl7.org/fhir/sid/icd-9-cm
303.90	http://hl7.org/fhir/sid/icd-9-cm
305.00	http://hl7.org/fhir/sid/icd-9-cm
305.1	http://hl7.org/fhir/sid/icd-9-cm
311	http://hl7.org/fhir/sid/icd-9-cm
327.23	http://hl7.org/fhir/sid/icd-9-cm
333.94	http://hl7.org/fhir/sid/icd-9-cm
338.18	http://hl7.org/fhir/sid/icd-9-cm
338.19	http://hl7.org/fhir/sid/icd-9-cm
338.29	http://hl7.org/fhir/sid/icd-9-cm
338.4	http://hl7.org/fhir/sid/icd-9-cm
346.90	http://hl7.org/fhir/sid/icd-9-cm
348.30	http://hl7.org/fhir/sid/icd-9-cm
348.89	http://hl7.org/fhir/sid/icd-9-cm
355.9	http://hl7.org/fhir/sid/icd-9-cm
356.9	http://hl7.org/fhir/sid/icd-9-cm
357.2	http://hl7.org/fhir/sid/icd-9-cm
365.9	http://hl7.org/fhir/sid/icd-9-cm
366.16	http://hl7.org/fhir/sid/icd-9-cm
366.9	http://hl7.org/fhir/sid/icd-9-cm
368.8	http://hl7.org/fhir/sid/icd-9-cm
369.9	http://hl7.org/fhir/sid/icd-9-cm
375.15	http://hl7.org/fhir/sid/icd-9-cm
389.9	http://hl7.org/fhir/sid/icd-9-cm
394.9	http://hl7.org/fhir/sid/icd-9-cm
396.3	http://hl7.org/fhir/sid/icd-9-cm
397.0	http://hl7.org/fhir/sid/icd-9-cm
401.0	http://hl7.org/fhir/sid/icd-9-cm
401.1	http://hl7.org/fhir/sid/icd-9-cm
401.9	http://hl7.org/fhir/sid/icd-9-cm
403.10	http://hl7.org/fhir/sid/icd-9-cm
403.90	http://hl7.org/fhir/sid/icd-9-cm
410.71	http://hl7.org/fhir/sid/icd-9-cm
411.1	http://hl7.org/fhir/sid/icd-9-cm
412	http://hl7.org/fhir/sid/icd-9-cm
413.9	http://hl7.org/fhir/sid/icd-9-cm
414.00	http://hl7.org/fhir/sid/icd-9-cm
414.01	http://hl7.org/fhir/sid/icd-9-cm
414.8	http://hl7.org/fhir/sid/icd-9-cm
414.9	http://hl7.org/fhir/sid/icd-9-cm
415.19	http://hl7.org/fhir/sid/icd-9-cm
416.8	http://hl7.org/fhir/sid/icd-9-cm
423.9	http://hl7.org/fhir/sid/icd-9-cm
424.0	http://hl7.org/fhir/sid/icd-9-cm
424.1	http://hl7.org/fhir/sid/icd-9-cm
424.2	http://hl7.org/fhir/sid/icd-9-cm
424.3	http://hl7.org/fhir/sid/icd-9-cm
425.4	http://hl7.org/fhir/sid/icd-9-cm
426.10	http://hl7.org/fhir/sid/icd-9-cm
426.11	http://hl7.org/fhir/sid/icd-9-cm
426.3	http://hl7.org/fhir/sid/icd-9-cm
426.4	http://hl7.org/fhir/sid/icd-9-cm
426.82	http://hl7.org/fhir/sid/icd-9-cm
427.1	http://hl7.org/fhir/sid/icd-9-cm
427.31	http://hl7.org/fhir/sid/icd-9-cm
427.32	http://hl7.org/fhir/sid/icd-9-cm
427.61	http://hl7.org/fhir/sid/icd-9-cm
427.69	http://hl7.org/fhir/sid/icd-9-cm
427.81	http://hl7.org/fhir/sid/icd-9-cm
427.89	http://hl7.org/fhir/sid/icd-9-cm
427.9	http://hl7.org/fhir/sid/icd-9-cm
428.0	http://hl7.org/fhir/sid/icd-9-cm
428.20	http://hl7.org/fhir/sid/icd-9-cm
428.21	http://hl7.org/fhir/sid/icd-9-cm
428.22	http://hl7.org/fhir/sid/icd-9-cm
428.23	http://hl7.org/fhir/sid/icd-9-cm
428.30	http://hl7.org/fhir/sid/icd-9-cm
428.31	http://hl7.org/fhir/sid/icd-9-cm
428.32	http://hl7.org/fhir/sid/icd-9-cm
428.33	http://hl7.org/fhir/sid/icd-9-cm
428.9	http://hl7.org/fhir/sid/icd-9-cm
429.3	http://hl7.org/fhir/sid/icd-9-cm
429.9	http://hl7.org/fhir/sid/icd-9-cm
431	http://hl7.org/fhir/sid/icd-9-cm
433.10	http://hl7.org/fhir/sid/icd-9-cm
433.30	http://hl7.org/fhir/sid/icd-9-cm
434.91	http://hl7.org/fhir/sid/icd-9-cm
435.9	http://hl7.org/fhir/sid/icd-9-cm
438.89	http://hl7.org/fhir/sid/icd-9-cm
440.0	http://hl7.org/fhir/sid/icd-9-cm
440.21	http://hl7.org/fhir/sid/icd-9-cm
440.9	http://hl7.org/fhir/sid/icd-9-cm
441.4	http://hl7.org/fhir/sid/icd-9-cm
443.9	http://hl7.org/fhir/sid/icd-9-cm
444.22	http://hl7.org/fhir/sid/icd-9-cm
447.1	http://hl7.org/fhir/sid/icd-9-cm
447.71	http://hl7.org/fhir/sid/icd-9-cm
453.40	http://hl7.org/fhir/sid/icd-9-cm
453.41	http://hl7.org/fhir/sid/icd-9-cm
453.42	http://hl7.org/fhir/sid/icd-9-cm
453.51	http://hl7.org/fhir/sid/icd-9-cm
453.9	http://hl7.org/fhir/sid/icd-9-cm
455.0	http://hl7.org/fhir/sid/icd-9-cm
455.3	http://hl7.org/fhir/sid/icd-9-cm
455.6	http://hl7.org/fhir/sid/icd-9-cm
457.1	http://hl7.org/fhir/sid/icd-9-cm
458.0	http://hl7.org/fhir/sid/icd-9-cm
458.9	http://hl7.org/fhir/sid/icd-9-cm
459.0	http://hl7.org/fhir/sid/icd-9-cm
459.2	http://hl7.org/fhir/sid/icd-9-cm
459.81	http://hl7.org/fhir/sid/icd-9-cm
459.89	http://hl7.org/fhir/sid/icd-9-cm
459.9	http://hl7.org/fhir/sid/icd-9-cm
462	http://hl7.org/fhir/sid/icd-9-cm
465.9	http://hl7.org/fhir/sid/icd-9-cm
466.0	http://hl7.org/fhir/sid/icd-9-cm
473.9	http://hl7.org/fhir/sid/icd-9-cm
477.9	http://hl7.org/fhir/sid/icd-9-cm
478.19	http://hl7.org/fhir/sid/icd-9-cm
486	http://hl7.org/fhir/sid/icd-9-cm
490	http://hl7.org/fhir/sid/icd-9-cm
491.21	http://hl7.org/fhir/sid/icd-9-cm
492.8	http://hl7.org/fhir/sid/icd-9-cm
493.20	http://hl7.org/fhir/sid/icd-9-cm
493.90	http://hl7.org/fhir/sid/icd-9-cm
496	http://hl7.org/fhir/sid/icd-9-cm
507.0	http://hl7.org/fhir/sid/icd-9-cm
511.9	http://hl7.org/fhir/sid/icd-9-cm
512.89	http://hl7.org/fhir/sid/icd-9-cm
514	http://hl7.org/fhir/sid/icd-9-cm
518.0	http://hl7.org/fhir/sid/icd-9-cm
518.81	http://hl7.org/fhir/sid/icd-9-cm
518.82	http://hl7.org/fhir/sid/icd-9-cm
518.89	http://hl7.org/fhir/sid/icd-9-cm
530.11	http://hl7.org/fhir/sid/icd-9-cm
530.81	http://hl7.org/fhir/sid/icd-9-cm
530.85	http://hl7.org/fhir/sid/icd-9-cm
531.90	http://hl7.org/fhir/sid/icd-9-cm
535.50	http://hl7.org/fhir/sid/icd-9-cm
536.8	http://hl7.org/fhir/sid/icd-9-cm
553.3	http://hl7.org/fhir/sid/icd-9-cm
558.9	http://hl7.org/fhir/sid/icd-9-cm
560.1	http://hl7.org/fhir/sid/icd-9-cm
560.9	http://hl7.org/fhir/sid/icd-9-cm
562.10	http://hl7.org/fhir/sid/icd-9-cm
562.11	http://hl7.org/fhir/sid/icd-9-cm
564.00	http://hl7.org/fhir/sid/icd-9-cm
564.1	http://hl7.org/fhir/sid/icd-9-cm
569.3	http://hl7.org/fhir/sid/icd-9-cm
571.8	http://hl7.org/fhir/sid/icd-9-cm
573.8	http://hl7.org/fhir/sid/icd-9-cm
573.9	http://hl7.org/fhir/sid/icd-9-cm
574.20	http://hl7.org/fhir/sid/icd-9-cm
578.0	http://hl7.org/fhir/sid/icd-9-cm
578.1	http://hl7.org/fhir/sid/icd-9-cm
578.9	http://hl7.org/fhir/sid/icd-9-cm
584.9	http://hl7.org/fhir/sid/icd-9-cm
585.3	http://hl7.org/fhir/sid/icd-9-cm
585.6	http://hl7.org/fhir/sid/icd-9-cm
585.9	http://hl7.org/fhir/sid/icd-9-cm
592.0	http://hl7.org/fhir/sid/icd-9-cm
593.2	http://hl7.org/fhir/sid/icd-9-cm
593.9	http://hl7.org/fhir/sid/icd-9-cm
596.89	http://hl7.org/fhir/sid/icd-9-cm
599.0	http://hl7.org/fhir/sid/icd-9-cm
599.70	http://hl7.org/fhir/sid/icd-9-cm
600.00	http://hl7.org/fhir/sid/icd-9-cm
600.01	http://hl7.org/fhir/sid/icd-9-cm
600.90	http://hl7.org/fhir/sid/icd-9-cm
607.84	http://hl7.org/fhir/sid/icd-9-cm
625.9	http://hl7.org/fhir/sid/icd-9-cm
682.6	http://hl7.org/fhir/sid/icd-9-cm
682.9	http://hl7.org/fhir/sid/icd-9-cm
692.9	http://hl7.org/fhir/sid/icd-9-cm
698.9	http://hl7.org/fhir/sid/icd-9-cm
702.0	http://hl7.org/fhir/sid/icd-9-cm
707.15	http://hl7.org/fhir/sid/icd-9-cm
709.9	http://hl7.org/fhir/sid/icd-9-cm
714.0	http://hl7.org/fhir/sid/icd-9-cm
715.16	http://hl7.org/fhir/sid/icd-9-cm
715.35	http://hl7.org/fhir/sid/icd-9-cm
715.36	http://hl7.org/fhir/sid/icd-9-cm
715.90	http://hl7.org/fhir/sid/icd-9-cm
715.95	http://hl7.org/fhir/sid/icd-9-cm
715.96	http://hl7.org/fhir/sid/icd-9-cm
716.90	http://hl7.org/fhir/sid/icd-9-cm
719.06	http://hl7.org/fhir/sid/icd-9-cm
719.40	http://hl7.org/fhir/sid/icd-9-cm
719.41	http://hl7.org/fhir/sid/icd-9-cm
719.45	http://hl7.org/fhir/sid/icd-9-cm
719.46	http://hl7.org/fhir/sid/icd-9-cm
719.7	http://hl7.org/fhir/sid/icd-9-cm
721.0	http://hl7.org/fhir/sid/icd-9-cm
721.2	http://hl7.org/fhir/sid/icd-9-cm
721.3	http://hl7.org/fhir/sid/icd-9-cm
721.90	http://hl7.org/fhir/sid/icd-9-cm
722.10	http://hl7.org/fhir/sid/icd-9-cm
722.4	http://hl7.org/fhir/sid/icd-9-cm
722.52	http://hl7.org/fhir/sid/icd-9-cm
722.6	http://hl7.org/fhir/sid/icd-9-cm
723.1	http://hl7.org/fhir/sid/icd-9-cm
724.02	http://hl7.org/fhir/sid/icd-9-cm
724.2	http://hl7.org/fhir/sid/icd-9-cm
724.3	http://hl7.org/fhir/sid/icd-9-cm
724.4	http://hl7.org/fhir/sid/icd-9-cm
724.5	http://hl7.org/fhir/sid/icd-9-cm
728.85	http://hl7.org/fhir/sid/icd-9-cm
728.87	http://hl7.org/fhir/sid/icd-9-cm
729.1	http://hl7.org/fhir/sid/icd-9-cm
729.5	http://hl7.org/fhir/sid/icd-9-cm
729.81	http://hl7.org/fhir/sid/icd-9-cm
729.89	http://hl7.org/fhir/sid/icd-9-cm
733.00	http://hl7.org/fhir/sid/icd-9-cm
733.13	http://hl7.org/fhir/sid/icd-9-cm
733.90	http://hl7.org/fhir/sid/icd-9-cm
733.99	http://hl7.org/fhir/sid/icd-9-cm
737.30	http://hl7.org/fhir/sid/icd-9-cm
738.4	http://hl7.org/fhir/sid/icd-9-cm
780.09	http://hl7.org/fhir/sid/icd-9-cm
780.2	http://hl7.org/fhir/sid/icd-9-cm
780.39	http://hl7.org/fhir/sid/icd-9-cm
780.4	http://hl7.org/fhir/sid/icd-9-cm
780.50	http://hl7.org/fhir/sid/icd-9-cm
780.52	http://hl7.org/fhir/sid/icd-9-cm
780.57	http://hl7.org/fhir/sid/icd-9-cm
780.60	http://hl7.org/fhir/sid/icd-9-cm
780.79	http://hl7.org/fhir/sid/icd-9-cm
780.8	http://hl7.org/fhir/sid/icd-9-cm
780.93	http://hl7.org/fhir/sid/icd-9-cm
780.96	http://hl7.org/fhir/sid/icd-9-cm
780.97	http://hl7.org/fhir/sid/icd-9-cm
781.0	http://hl7.org/fhir/sid/icd-9-cm
781.2	http://hl7.org/fhir/sid/icd-9-cm
782.0	http://hl7.org/fhir/sid/icd-9-cm
782.1	http://hl7.org/fhir/sid/icd-9-cm
782.3	http://hl7.org/fhir/sid/icd-9-cm
783.0	http://hl7.org/fhir/sid/icd-9-cm
783.21	http://hl7.org/fhir/sid/icd-9-cm
783.7	http://hl7.org/fhir/sid/icd-9-cm
784.0	http://hl7.org/fhir/sid/icd-9-cm
784.2	http://hl7.org/fhir/sid/icd-9-cm
784.7	http://hl7.org/fhir/sid/icd-9-cm
785.0	http://hl7.org/fhir/sid/icd-9-cm
785.1	http://hl7.org/fhir/sid/icd-9-cm
785.2	http://hl7.org/fhir/sid/icd-9-cm
785.6	http://hl7.org/fhir/sid/icd-9-cm
786.05	http://hl7.org/fhir/sid/icd-9-cm
786.07	http://hl7.org/fhir/sid/icd-9-cm
786.09	http://hl7.org/fhir/sid/icd-9-cm
786.2	http://hl7.org/fhir/sid/icd-9-cm
786.50	http://hl7.org/fhir/sid/icd-9-cm
786.52	http://hl7.org/fhir/sid/icd-9-cm
786.59	http://hl7.org/fhir/sid/icd-9-cm
786.9	http://hl7.org/fhir/sid/icd-9-cm
787.01	http://hl7.org/fhir/sid/icd-9-cm
787.02	http://hl7.org/fhir/sid/icd-9-cm
787.03	http://hl7.org/fhir/sid/icd-9-cm
787.20	http://hl7.org/fhir/sid/icd-9-cm
787.3	http://hl7.org/fhir/sid/icd-9-cm
787.91	http://hl7.org/fhir/sid/icd-9-cm
787.99	http://hl7.org/fhir/sid/icd-9-cm
788.1	http://hl7.org/fhir/sid/icd-9-cm
788.20	http://hl7.org/fhir/sid/icd-9-cm
788.30	http://hl7.org/fhir/sid/icd-9-cm
788.41	http://hl7.org/fhir/sid/icd-9-cm
788.43	http://hl7.org/fhir/sid/icd-9-cm
789.00	http://hl7.org/fhir/sid/icd-9-cm
789.01	http://hl7.org/fhir/sid/icd-9-cm
789.03	http://hl7.org/fhir/sid/icd-9-cm
789.04	http://hl7.org/fhir/sid/icd-9-cm
789.06	http://hl7.org/fhir/sid/icd-9-cm
789.07	http://hl7.org/fhir/sid/icd-9-cm
789.09	http://hl7.org/fhir/sid/icd-9-cm
789.59	http://hl7.org/fhir/sid/icd-9-cm
790.29	http://hl7.org/fhir/sid/icd-9-cm
790.4	http://hl7.org/fhir/sid/icd-9-cm
790.5	http://hl7.org/fhir/sid/icd-9-cm
790.6	http://hl7.org/fhir/sid/icd-9-cm
790.92	http://hl7.org/fhir/sid/icd-9-cm
790.99	http://hl7.org/fhir/sid/icd-9-cm
791.9	http://hl7.org/fhir/sid/icd-9-cm
792.1	http://hl7.org/fhir/sid/icd-9-cm
793.11	http://hl7.org/fhir/sid/icd-9-cm
793.19	http://hl7.org/fhir/sid/icd-9-cm
794.31	http://hl7.org/fhir/sid/icd-9-cm
794.39	http://hl7.org/fhir/sid/icd-9-cm
799.02	http://hl7.org/fhir/sid/icd-9-cm
799.3	http://hl7.org/fhir/sid/icd-9-cm
799.9	http://hl7.org/fhir/sid/icd-9-cm
959.01	http://hl7.org/fhir/sid/icd-9-cm
995.91	http://hl7.org/fhir/sid/icd-9-cm
995.92	http://hl7.org/fhir/sid/icd-9-cm
A04.72	http://hl7.org/fhir/sid/icd-10-cm
A04.7	http://hl7.org/fhir/sid/icd-10-cm
A08.4	http://hl7.org/fhir/sid/icd-10-cm
A09	http://hl7.org/fhir/sid/icd-10-cm
A41.50	http://hl7.org/fhir/sid/icd-10-cm
A41.51	http://hl7.org/fhir/sid/icd-10-cm
A41.89	http://hl7.org/fhir/sid/icd-10-cm
A41.9	http://hl7.org/fhir/sid/icd-10-cm
B02.9	http://hl7.org/fhir/sid/icd-10-cm
B19.20	http://hl7.org/fhir/sid/icd-10-cm
B34.9	http://hl7.org/fhir/sid/icd-10-cm
B35.1	http://hl7.org/fhir/sid/icd-10-cm
B37.0	http://hl7.org/fhir/sid/icd-10-cm
B37.2	http://hl7.org/fhir/sid/icd-10-cm
B37.3	http://hl7.org/fhir/sid/icd-10-cm
B37.49	http://hl7.org/fhir/sid/icd-10-cm
B37.9	http://hl7.org/fhir/sid/icd-10-cm
B95.2	http://hl7.org/fhir/sid/icd-10-cm
B95.61	http://hl7.org/fhir/sid/icd-10-cm
B95.62	http://hl7.org/fhir/sid/icd-10-cm
B95.7	http://hl7.org/fhir/sid/icd-10-cm
B96.1	http://hl7.org/fhir/sid/icd-10-cm
B96.20	http://hl7.org/fhir/sid/icd-10-cm
B96.5	http://hl7.org/fhir/sid/icd-10-cm
B96.89	http://hl7.org/fhir/sid/icd-10-cm
B97.89	http://hl7.org/fhir/sid/icd-10-cm
C18.9	http://hl7.org/fhir/sid/icd-10-cm
C20	http://hl7.org/fhir/sid/icd-10-cm
C34.90	http://hl7.org/fhir/sid/icd-10-cm
C50.911	http://hl7.org/fhir/sid/icd-10-cm
C50.912	http://hl7.org/fhir/sid/icd-10-cm
C50.919	http://hl7.org/fhir/sid/icd-10-cm
C61	http://hl7.org/fhir/sid/icd-10-cm
C64.9	http://hl7.org/fhir/sid/icd-10-cm
C67.9	http://hl7.org/fhir/sid/icd-10-cm
C77.2	http://hl7.org/fhir/sid/icd-10-cm
C78.00	http://hl7.org/fhir/sid/icd-10-cm
C78.6	http://hl7.org/fhir/sid/icd-10-cm
C78.7	http://hl7.org/fhir/sid/icd-10-cm
C79.51	http://hl7.org/fhir/sid/icd-10-cm
C79.89	http://hl7.org/fhir/sid/icd-10-cm
C79.9	http://hl7.org/fhir/sid/icd-10-cm
C80.1	http://hl7.org/fhir/sid/icd-10-cm
C85.90	http://hl7.org/fhir/sid/icd-10-cm
C90.00	http://hl7.org/fhir/sid/icd-10-cm
D12.0	http://hl7.org/fhir/sid/icd-10-cm
D12.2	http://hl7.org/fhir/sid/icd-10-cm
D12.3	http://hl7.org/fhir/sid/icd-10-cm
D12.4	http://hl7.org/fhir/sid/icd-10-cm
D12.5	http://hl7.org/fhir/sid/icd-10-cm
D12.6	http://hl7.org/fhir/sid/icd-10-cm
D12.8	http://hl7.org/fhir/sid/icd-10-cm
D22.9	http://hl7.org/fhir/sid/icd-10-cm
D25.9	http://hl7.org/fhir/sid/icd-10-cm
D36.9	http://hl7.org/fhir/sid/icd-10-cm
D46.9	http://hl7.org/fhir/sid/icd-10-cm
D47.2	http://hl7.org/fhir/sid/icd-10-cm
D47.3	http://hl7.org/fhir/sid/icd-10-cm
D48.5	http://hl7.org/fhir/sid/icd-10-cm
D49.0	http://hl7.org/fhir/sid/icd-10-cm
D50.0	http://hl7.org/fhir/sid/icd-10-cm
D50.8	http://hl7.org/fhir/sid/icd-10-cm
D50.9	http://hl7.org/fhir/sid/icd-10-cm
D51.0	http://hl7.org/fhir/sid/icd-10-cm
D51.9	http://hl7.org/fhir/sid/icd-10-cm
D53.9	http://hl7.org/fhir/sid/icd-10-cm
D61.810	http://hl7.org/fhir/sid/icd-10-cm
D61.818	http://hl7.org/fhir/sid/icd-10-cm
D62	http://hl7.org/fhir/sid/icd-10-cm
D63.0	http://hl7.org/fhir/sid/icd-10-cm
D63.1	http://hl7.org/fhir/sid/icd-10-cm
D63.8	http://hl7.org/fhir/sid/icd-10-cm
D64.81	http://hl7.org/fhir/sid/icd-10-cm
D64.89	http://hl7.org/fhir/sid/icd-10-cm
D64.9	http://hl7.org/fhir/sid/icd-10-cm
D68.32	http://hl7.org/fhir/sid/icd-10-cm
D68.59	http://hl7.org/fhir/sid/icd-10-cm
D68.69	http://hl7.org/fhir/sid/icd-10-cm
D68.9	http://hl7.org/fhir/sid/icd-10-cm
D69.59	http://hl7.org/fhir/sid/icd-10-cm
D69.6	http://hl7.org/fhir/sid/icd-10-cm
D70.1	http://hl7.org/fhir/sid/icd-10-cm
D70.9	http://hl7.org/fhir/sid/icd-10-cm
D72.819	http://hl7.org/fhir/sid/icd-10-cm
D72.829	http://hl7.org/fhir/sid/icd-10-cm
D75.89	http://hl7.org/fhir/sid/icd-10-cm
D84.9	http://hl7.org/fhir/sid/icd-10-cm
D89.9	http://hl7.org/fhir/sid/icd-10-cm
E03.4	http://hl7.org/fhir/sid/icd-10-cm
E03.8	http://hl7.org/fhir/sid/icd-10-cm
E03.9	http://hl7.org/fhir/sid/icd-10-cm
E04.1	http://hl7.org/fhir/sid/icd-10-cm
E04.2	http://hl7.org/fhir/sid/icd-10-cm
E04.9	http://hl7.org/fhir/sid/icd-10-cm
E05.90	http://hl7.org/fhir/sid/icd-10-cm
E07.9	http://hl7.org/fhir/sid/icd-10-cm
E10.9	http://hl7.org/fhir/sid/icd-10-cm
E11.21	http://hl7.org/fhir/sid/icd-10-cm
E11.22	http://hl7.org/fhir/sid/icd-10-cm
E11.29	http://hl7.org/fhir/sid/icd-10-cm
E11.319	http://hl7.org/fhir/sid/icd-10-cm
E11.36	http://hl7.org/fhir/sid/icd-10-cm
E11.39	http://hl7.org/fhir/sid/icd-10-cm
E11.40	http://hl7.org/fhir/sid/icd-10-cm
E11.42	http://hl7.org/fhir/sid/icd-10-cm
E11.43	http://hl7.org/fhir/sid/icd-10-cm
E11.49	http://hl7.org/fhir/sid/icd-10-cm
E11.51	http://hl7.org/fhir/sid/icd-10-cm
E11.52	http://hl7.org/fhir/sid/icd-10-cm
E11.59	http://hl7.org/fhir/sid/icd-10-cm
E11.621	http://hl7.org/fhir/sid/icd-10-cm
E11.622	http://hl7.org/fhir/sid/icd-10-cm
E11.628	http://hl7.org/fhir/sid/icd-10-cm
E11.649	http://hl7.org/fhir/sid/icd-10-cm
E11.65	http://hl7.org/fhir/sid/icd-10-cm
E11.69	http://hl7.org/fhir/sid/icd-10-cm
E11.8	http://hl7.org/fhir/sid/icd-10-cm
E11.9	http://hl7.org/fhir/sid/icd-10-cm
E16.2	http://hl7.org/fhir/sid/icd-10-cm
E21.3	http://hl7.org/fhir/sid/icd-10-cm
E27.40	http://hl7.org/fhir/sid/icd-10-cm
E27.8	http://hl7.org/fhir/sid/icd-10-cm
E27.9	http://hl7.org/fhir/sid/icd-10-cm
E28.39	http://hl7.org/fhir/sid/icd-10-cm
E43	http://hl7.org/fhir/sid/icd-10-cm
E44.0	http://hl7.org/fhir/sid/icd-10-cm
E46	http://hl7.org/fhir/sid/icd-10-cm
E53.8	http://hl7.org/fhir/sid/icd-10-cm
E55.9	http://hl7.org/fhir/sid/icd-10-cm
E61.1	http://hl7.org/fhir/sid/icd-10-cm
E66.01	http://hl7.org/fhir/sid/icd-10-cm
E66.09	http://hl7.org/fhir/sid/icd-10-cm
E66.2	http://hl7.org/fhir/sid/icd-10-cm
E66.3	http://hl7.org/fhir/sid/icd-10-cm
E66.9	http://hl7.org/fhir/sid/icd-10-cm
E78.00	http://hl7.org/fhir/sid/icd-10-cm
E78.0	http://hl7.org/fhir/sid/icd-10-cm
E78.1	http://hl7.org/fhir/sid/icd-10-cm
E78.2	http://hl7.org/fhir/sid/icd-10-cm
E78.49	http://hl7.org/fhir/sid/icd-10-cm
E78.4	http://hl7.org/fhir/sid/icd-10-cm
E78.5	http://hl7.org/fhir/sid/icd-10-cm
E80.6	http://hl7.org/fhir/sid/icd-10-cm
E80.7	http://hl7.org/fhir/sid/icd-10-cm
E83.39	http://hl7.org/fhir/sid/icd-10-cm
E83.42	http://hl7.org/fhir/sid/icd-10-cm
E83.51	http://hl7.org/fhir/sid/icd-10-cm
E83.52	http://hl7.org/fhir/sid/icd-10-cm
E86.0	http://hl7.org/fhir/sid/icd-10-cm
E86.1	http://hl7.org/fhir/sid/icd-10-cm
E86.9	http://hl7.org/fhir/sid/icd-10-cm
E87.0	http://hl7.org/fhir/sid/icd-10-cm
E87.1	http://hl7.org/fhir/sid/icd-10-cm
E87.2	http://hl7.org/fhir/sid/icd-10-cm
E87.3	http://hl7.org/fhir/sid/icd-10-cm
E87.4	http://hl7.org/fhir/sid/icd-10-cm
E87.5	http://hl7.org/fhir/sid/icd-10-cm
E87.6	http://hl7.org/fhir/sid/icd-10-cm
E87.70	http://hl7.org/fhir/sid/icd-10-cm
E87.8	http://hl7.org/fhir/sid/icd-10-cm
E88.09	http://hl7.org/fhir/sid/icd-10-cm
E888.9	http://hl7.org/fhir/sid/icd-9-cm
E89.0	http://hl7.org/fhir/sid/icd-10-cm
F01.50	http://hl7.org/fhir/sid/icd-10-cm
F02.80	http://hl7.org/fhir/sid/icd-10-cm
F03.90	http://hl7.org/fhir/sid/icd-10-cm
F03.91	http://hl7.org/fhir/sid/icd-10-cm
F05	http://hl7.org/fhir/sid/icd-10-cm
F10.10	http://hl7.org/fhir/sid/icd-10-cm
F10.20	http://hl7.org/fhir/sid/icd-10-cm
F10.21	http://hl7.org/fhir/sid/icd-10-cm
F11.20	http://hl7.org/fhir/sid/icd-10-cm
F11.90	http://hl7.org/fhir/sid/icd-10-cm
F12.90	http://hl7.org/fhir/sid/icd-10-cm
F17.200	http://hl7.org/fhir/sid/icd-10-cm
F17.210	http://hl7.org/fhir/sid/icd-10-cm
F17.211	http://hl7.org/fhir/sid/icd-10-cm
F17.290	http://hl7.org/fhir/sid/icd-10-cm
F19.10	http://hl7.org/fhir/sid/icd-10-cm
F31.9	http://hl7.org/fhir/sid/icd-10-cm
F32.9	http://hl7.org/fhir/sid/icd-10-cm
F33.0	http://hl7.org/fhir/sid/icd-10-cm
F33.1	http://hl7.org/fhir/sid/icd-10-cm
F33.2	http://hl7.org/fhir/sid/icd-10-cm
F33.9	http://hl7.org/fhir/sid/icd-10-cm
F39	http://hl7.org/fhir/sid/icd-10-cm
F41.0	http://hl7.org/fhir/sid/icd-10-cm
F41.1	http://hl7.org/fhir/sid/icd-10-cm
F41.8	http://hl7.org/fhir/sid/icd-10-cm
F41.9	http://hl7.org/fhir/sid/icd-10-cm
F43.10	http://hl7.org/fhir/sid/icd-10-cm
F43.21	http://hl7.org/fhir/sid/icd-10-cm
F51.01	http://hl7.org/fhir/sid/icd-10-cm
G20	http://hl7.org/fhir/sid/icd-10-cm
G25.81	http://hl7.org/fhir/sid/icd-10-cm
G30.9	http://hl7.org/fhir/sid/icd-10-cm
G31.84	http://hl7.org/fhir/sid/icd-10-cm
G31.9	http://hl7.org/fhir/sid/icd-10-cm
G40.909	http://hl7.org/fhir/sid/icd-10-cm
G43.909	http://hl7.org/fhir/sid/icd-10-cm
G45.9	http://hl7.org/fhir/sid/icd-10-cm
G47.00	http://hl7.org/fhir/sid/icd-10-cm
G47.09	http://hl7.org/fhir/sid/icd-10-cm
G47.10	http://hl7.org/fhir/sid/icd-10-cm
G47.30	http://hl7.org/fhir/sid/icd-10-cm
G47.33	http://hl7.org/fhir/sid/icd-10-cm
G47.9	http://hl7.org/fhir/sid/icd-10-cm
G60.9	http://hl7.org/fhir/sid/icd-10-cm
G62.0	http://hl7.org/fhir/sid/icd-10-cm
G62.9	http://hl7.org/fhir/sid/icd-10-cm
G81.91	http://hl7.org/fhir/sid/icd-10-cm
G81.94	http://hl7.org/fhir/sid/icd-10-cm
G89.18	http://hl7.org/fhir/sid/icd-10-cm
G89.29	http://hl7.org/fhir/sid/icd-10-cm
G89.3	http://hl7.org/fhir/sid/icd-10-cm
G89.4	http://hl7.org/fhir/sid/icd-10-cm
G92	http://hl7.org/fhir/sid/icd-10-cm
G93.40	http://hl7.org/fhir/sid/icd-10-cm
G93.41	http://hl7.org/fhir/sid/icd-10-cm
G93.6	http://hl7.org/fhir/sid/icd-10-cm
G93.89	http://hl7.org/fhir/sid/icd-10-cm
G93.9	http://hl7.org/fhir/sid/icd-10-cm
H04.123	http://hl7.org/fhir/sid/icd-10-cm
H25.11	http://hl7.org/fhir/sid/icd-10-cm
H25.12	http://hl7.org/fhir/sid/icd-10-cm
H25.13	http://hl7.org/fhir/sid/icd-10-cm
H26.9	http://hl7.org/fhir/sid/icd-10-cm
H35.30	http://hl7.org/fhir/sid/icd-10-cm
H40.9	http://hl7.org/fhir/sid/icd-10-cm
H52.13	http://hl7.org/fhir/sid/icd-10-cm
H53.2	http://hl7.org/fhir/sid/icd-10-cm
H53.8	http://hl7.org/fhir/sid/icd-10-cm
H53.9	http://hl7.org/fhir/sid/icd-10-cm
H54.7	http://hl7.org/fhir/sid/icd-10-cm
H61.23	http://hl7.org/fhir/sid/icd-10-cm
H90.3	http://hl7.org/fhir/sid/icd-10-cm
H90.5	http://hl7.org/fhir/sid/icd-10-cm
H91.90	http://hl7.org/fhir/sid/icd-10-cm
H91.93	http://hl7.org/fhir/sid/icd-10-cm
I05.8	http://hl7.org/fhir/sid/icd-10-cm
I05.9	http://hl7.org/fhir/sid/icd-10-cm
I07.1	http://hl7.org/fhir/sid/icd-10-cm
I08.0	http://hl7.org/fhir/sid/icd-10-cm
I08.1	http://hl7.org/fhir/sid/icd-10-cm
I08.2	http://hl7.org/fhir/sid/icd-10-cm
I08.3	http://hl7.org/fhir/sid/icd-10-cm
I08.8	http://hl7.org/fhir/sid/icd-10-cm
I10	http://hl7.org/fhir/sid/icd-10-cm
I11.0	http://hl7.org/fhir/sid/icd-10-cm
I11.9	http://hl7.org/fhir/sid/icd-10-cm
I12.0	http://hl7.org/fhir/sid/icd-10-cm
I12.9	http://hl7.org/fhir/sid/icd-10-cm
I13.0	http://hl7.org/fhir/sid/icd-10-cm
I13.10	http://hl7.org/fhir/sid/icd-10-cm
I13.2	http://hl7.org/fhir/sid/icd-10-cm
I15.9	http://hl7.org/fhir/sid/icd-10-cm
I16.0	http://hl7.org/fhir/sid/icd-10-cm
I16.1	http://hl7.org/fhir/sid/icd-10-cm
I20.0	http://hl7.org/fhir/sid/icd-10-cm
I20.8	http://hl7.org/fhir/sid/icd-10-cm
I20.9	http://hl7.org/fhir/sid/icd-10-cm
I21.3	http://hl7.org/fhir/sid/icd-10-cm
I21.4	http://hl7.org/fhir/sid/icd-10-cm
I21.A1	http://hl7.org/fhir/sid/icd-10-cm
I24.0	http://hl7.org/fhir/sid/icd-10-cm
I24.8	http://hl7.org/fhir/sid/icd-10-cm
I25.10	http://hl7.org/fhir/sid/icd-10-cm
I25.110	http://hl7.org/fhir/sid/icd-10-cm
I25.118	http://hl7.org/fhir/sid/icd-10-cm
I25.119	http://hl7.org/fhir/sid/icd-10-cm
I25.2	http://hl7.org/fhir/sid/icd-10-cm
I25.5	http://hl7.org/fhir/sid/icd-10-cm
I25.810	http://hl7.org/fhir/sid/icd-10-cm
I25.82	http://hl7.org/fhir/sid/icd-10-cm
I25.9	http://hl7.org/fhir/sid/icd-10-cm
I26.09	http://hl7.org/fhir/sid/icd-10-cm
I26.99	http://hl7.org/fhir/sid/icd-10-cm
I27.0	http://hl7.org/fhir/sid/icd-10-cm
I27.20	http://hl7.org/fhir/sid/icd-10-cm
I27.22	http://hl7.org/fhir/sid/icd-10-cm
I27.23	http://hl7.org/fhir/sid/icd-10-cm
I27.2	http://hl7.org/fhir/sid/icd-10-cm
I27.81	http://hl7.org/fhir/sid/icd-10-cm
I27.82	http://hl7.org/fhir/sid/icd-10-cm
I31.3	http://hl7.org/fhir/sid/icd-10-cm
I34.0	http://hl7.org/fhir/sid/icd-10-cm
I34.1	http://hl7.org/fhir/sid/icd-10-cm
I34.8	http://hl7.org/fhir/sid/icd-10-cm
I34.9	http://hl7.org/fhir/sid/icd-10-cm
I35.0	http://hl7.org/fhir/sid/icd-10-cm
I35.1	http://hl7.org/fhir/sid/icd-10-cm
I35.8	http://hl7.org/fhir/sid/icd-10-cm
I35.9	http://hl7.org/fhir/sid/icd-10-cm
I36.1	http://hl7.org/fhir/sid/icd-10-cm
I37.1	http://hl7.org/fhir/sid/icd-10-cm
I38	http://hl7.org/fhir/sid/icd-10-cm
I42.0	http://hl7.org/fhir/sid/icd-10-cm
I42.8	http://hl7.org/fhir/sid/icd-10-cm
I42.9	http://hl7.org/fhir/sid/icd-10-cm
I44.0	http://hl7.org/fhir/sid/icd-10-cm
I44.1	http://hl7.org/fhir/sid/icd-10-cm
I44.2	http://hl7.org/fhir/sid/icd-10-cm
I44.30	http://hl7.org/fhir/sid/icd-10-cm
I44.4	http://hl7.org/fhir/sid/icd-10-cm
I44.7	http://hl7.org/fhir/sid/icd-10-cm
I45.10	http://hl7.org/fhir/sid/icd-10-cm
I45.2	http://hl7.org/fhir/sid/icd-10-cm
I45.81	http://hl7.org/fhir/sid/icd-10-cm
I45.89	http://hl7.org/fhir/sid/icd-10-cm
I45.9	http://hl7.org/fhir/sid/icd-10-cm
I46.9	http://hl7.org/fhir/sid/icd-10-cm
I47.1	http://hl7.org/fhir/sid/icd-10-cm
I47.2	http://hl7.org/fhir/sid/icd-10-cm
I48.0	http://hl7.org/fhir/sid/icd-10-cm
I48.1	http://hl7.org/fhir/sid/icd-10-cm
I48.2	http://hl7.org/fhir/sid/icd-10-cm
I48.3	http://hl7.org/fhir/sid/icd-10-cm
I48.4	http://hl7.org/fhir/sid/icd-10-cm
I48.91	http://hl7.org/fhir/sid/icd-10-cm
I48.92	http://hl7.org/fhir/sid/icd-10-cm
I49.01	http://hl7.org/fhir/sid/icd-10-cm
I49.1	http://hl7.org/fhir/sid/icd-10-cm
I49.3	http://hl7.org/fhir/sid/icd-10-cm
I49.49	http://hl7.org/fhir/sid/icd-10-cm
I49.5	http://hl7.org/fhir/sid/icd-10-cm
I49.8	http://hl7.org/fhir/sid/icd-10-cm
I49.9	http://hl7.org/fhir/sid/icd-10-cm
I50.1	http://hl7.org/fhir/sid/icd-10-cm
I50.20	http://hl7.org/fhir/sid/icd-10-cm
I50.21	http://hl7.org/fhir/sid/icd-10-cm
I50.22	http://hl7.org/fhir/sid/icd-10-cm
I50.23	http://hl7.org/fhir/sid/icd-10-cm
I50.30	http://hl7.org/fhir/sid/icd-10-cm
I50.31	http://hl7.org/fhir/sid/icd-10-cm
I50.32	http://hl7.org/fhir/sid/icd-10-cm
I50.33	http://hl7.org/fhir/sid/icd-10-cm
I50.40	http://hl7.org/fhir/sid/icd-10-cm
I50.41	http://hl7.org/fhir/sid/icd-10-cm
I50.42	http://hl7.org/fhir/sid/icd-10-cm
I50.43	http://hl7.org/fhir/sid/icd-10-cm
I50.9	http://hl7.org/fhir/sid/icd-10-cm
I51.7	http://hl7.org/fhir/sid/icd-10-cm
I51.89	http://hl7.org/fhir/sid/icd-10-cm
I51.9	http://hl7.org/fhir/sid/icd-10-cm
I63.40	http://hl7.org/fhir/sid/icd-10-cm
I63.8	http://hl7.org/fhir/sid/icd-10-cm
I63.9	http://hl7.org/fhir/sid/icd-10-cm
I65.21	http://hl7.org/fhir/sid/icd-10-cm
I65.22	http://hl7.org/fhir/sid/icd-10-cm
I65.23	http://hl7.org/fhir/sid/icd-10-cm
I65.29	http://hl7.org/fhir/sid/icd-10-cm
I67.2	http://hl7.org/fhir/sid/icd-10-cm
I67.82	http://hl7.org/fhir/sid/icd-10-cm
I67.89	http://hl7.org/fhir/sid/icd-10-cm
I67.9	http://hl7.org/fhir/sid/icd-10-cm
I69.351	http://hl7.org/fhir/sid/icd-10-cm
I69.354	http://hl7.org/fhir/sid/icd-10-cm
I69.398	http://hl7.org/fhir/sid/icd-10-cm
I70.0	http://hl7.org/fhir/sid/icd-10-cm
I70.1	http://hl7.org/fhir/sid/icd-10-cm
I70.201	http://hl7.org/fhir/sid/icd-10-cm
I70.209	http://hl7.org/fhir/sid/icd-10-cm
I70.213	http://hl7.org/fhir/sid/icd-10-cm
I70.8	http://hl7.org/fhir/sid/icd-10-cm
I70.90	http://hl7.org/fhir/sid/icd-10-cm
I71.2	http://hl7.org/fhir/sid/icd-10-cm
I71.4	http://hl7.org/fhir/sid/icd-10-cm
I73.9	http://hl7.org/fhir/sid/icd-10-cm
I74.3	http://hl7.org/fhir/sid/icd-10-cm
I74.9	http://hl7.org/fhir/sid/icd-10-cm
I77.1	http://hl7.org/fhir/sid/icd-10-cm
I77.810	http://hl7.org/fhir/sid/icd-10-cm
I77.819	http://hl7.org/fhir/sid/icd-10-cm
I77.9	http://hl7.org/fhir/sid/icd-10-cm
I80.8	http://hl7.org/fhir/sid/icd-10-cm
I82.401	http://hl7.org/fhir/sid/icd-10-cm
I82.402	http://hl7.org/fhir/sid/icd-10-cm
I82.403	http://hl7.org/fhir/sid/icd-10-cm
I82.409	http://hl7.org/fhir/sid/icd-10-cm
I82.411	http://hl7.org/fhir/sid/icd-10-cm
I82.412	http://hl7.org/fhir/sid/icd-10-cm
I82.431	http://hl7.org/fhir/sid/icd-10-cm
I82.432	http://hl7.org/fhir/sid/icd-10-cm
I82.491	http://hl7.org/fhir/sid/icd-10-cm
I82.4Y1	http://hl7.org/fhir/sid/icd-10-cm
I82.4Y2	http://hl7.org/fhir/sid/icd-10-cm
I82.4Z1	http://hl7.org/fhir/sid/icd-10-cm
I82.4Z2	http://hl7.org/fhir/sid/icd-10-cm
I82.90	http://hl7.org/fhir/sid/icd-10-cm
I83.11	http://hl7.org/fhir/sid/icd-10-cm
I83.12	http://hl7.org/fhir/sid/icd-10-cm
I87.1	http://hl7.org/fhir/sid/icd-10-cm
I87.2	http://hl7.org/fhir/sid/icd-10-cm
I87.8	http://hl7.org/fhir/sid/icd-10-cm
I89.0	http://hl7.org/fhir/sid/icd-10-cm
I95.0	http://hl7.org/fhir/sid/icd-10-cm
I95.1	http://hl7.org/fhir/sid/icd-10-cm
I95.2	http://hl7.org/fhir/sid/icd-10-cm
I95.81	http://hl7.org/fhir/sid/icd-10-cm
I95.89	http://hl7.org/fhir/sid/icd-10-cm
I95.9	http://hl7.org/fhir/sid/icd-10-cm
I96	http://hl7.org/fhir/sid/icd-10-cm
I99.8	http://hl7.org/fhir/sid/icd-10-cm
I99.9	http://hl7.org/fhir/sid/icd-10-cm
J01.00	http://hl7.org/fhir/sid/icd-10-cm
J01.90	http://hl7.org/fhir/sid/icd-10-cm
J02.9	http://hl7.org/fhir/sid/icd-10-cm
J06.9	http://hl7.org/fhir/sid/icd-10-cm
J10.1	http://hl7.org/fhir/sid/icd-10-cm
J11.1	http://hl7.org/fhir/sid/icd-10-cm
J15.9	http://hl7.org/fhir/sid/icd-10-cm
J18.1	http://hl7.org/fhir/sid/icd-10-cm
J18.9	http://hl7.org/fhir/sid/icd-10-cm
J20.9	http://hl7.org/fhir/sid/icd-10-cm
J30.1	http://hl7.org/fhir/sid/icd-10-cm
J30.2	http://hl7.org/fhir/sid/icd-10-cm
J30.89	http://hl7.org/fhir/sid/icd-10-cm
J30.9	http://hl7.org/fhir/sid/icd-10-cm
J31.0	http://hl7.org/fhir/sid/icd-10-cm
J32.0	http://hl7.org/fhir/sid/icd-10-cm
J32.9	http://hl7.org/fhir/sid/icd-10-cm
J34.2	http://hl7.org/fhir/sid/icd-10-cm
J34.89	http://hl7.org/fhir/sid/icd-10-cm
J40	http://hl7.org/fhir/sid/icd-10-cm
J41.0	http://hl7.org/fhir/sid/icd-10-cm
J42	http://hl7.org/fhir/sid/icd-10-cm
J43.2	http://hl7.org/fhir/sid/icd-10-cm
J43.8	http://hl7.org/fhir/sid/icd-10-cm
J43.9	http://hl7.org/fhir/sid/icd-10-cm
J44.0	http://hl7.org/fhir/sid/icd-10-cm
J44.1	http://hl7.org/fhir/sid/icd-10-cm
J44.9	http://hl7.org/fhir/sid/icd-10-cm
J45.20	http://hl7.org/fhir/sid/icd-10-cm
J45.40	http://hl7.org/fhir/sid/icd-10-cm
J45.901	http://hl7.org/fhir/sid/icd-10-cm
J45.909	http://hl7.org/fhir/sid/icd-10-cm
J47.9	http://hl7.org/fhir/sid/icd-10-cm
J69.0	http://hl7.org/fhir/sid/icd-10-cm
J80	http://hl7.org/fhir/sid/icd-10-cm
J81.0	http://hl7.org/fhir/sid/icd-10-cm
J81.1	http://hl7.org/fhir/sid/icd-10-cm
J84.10	http://hl7.org/fhir/sid/icd-10-cm
J84.9	http://hl7.org/fhir/sid/icd-10-cm
J90	http://hl7.org/fhir/sid/icd-10-cm
J91.8	http://hl7.org/fhir/sid/icd-10-cm
J92.9	http://hl7.org/fhir/sid/icd-10-cm
J93.9	http://hl7.org/fhir/sid/icd-10-cm
J96.00	http://hl7.org/fhir/sid/icd-10-cm
J96.01	http://hl7.org/fhir/sid/icd-10-cm
J96.02	http://hl7.org/fhir/sid/icd-10-cm
J96.10	http://hl7.org/fhir/sid/icd-10-cm
J96.11	http://hl7.org/fhir/sid/icd-10-cm
J96.12	http://hl7.org/fhir/sid/icd-10-cm
J96.20	http://hl7.org/fhir/sid/icd-10-cm
J96.21	http://hl7.org/fhir/sid/icd-10-cm
J96.22	http://hl7.org/fhir/sid/icd-10-cm
J96.90	http://hl7.org/fhir/sid/icd-10-cm
J96.91	http://hl7.org/fhir/sid/icd-10-cm
J96.92	http://hl7.org/fhir/sid/icd-10-cm
J98.11	http://hl7.org/fhir/sid/icd-10-cm
J98.4	http://hl7.org/fhir/sid/icd-10-cm
K02.9	http://hl7.org/fhir/sid/icd-10-cm
K04.7	http://hl7.org/fhir/sid/icd-10-cm
K08.89	http://hl7.org/fhir/sid/icd-10-cm
K13.79	http://hl7.org/fhir/sid/icd-10-cm
K20.9	http://hl7.org/fhir/sid/icd-10-cm
K21.0	http://hl7.org/fhir/sid/icd-10-cm
K21.9	http://hl7.org/fhir/sid/icd-10-cm
K22.2	http://hl7.org/fhir/sid/icd-10-cm
K22.70	http://hl7.org/fhir/sid/icd-10-cm
K22.8	http://hl7.org/fhir/sid/icd-10-cm
K25.4	http://hl7.org/fhir/sid/icd-10-cm
K25.9	http://hl7.org/fhir/sid/icd-10-cm
K26.4	http://hl7.org/fhir/sid/icd-10-cm
K26.9	http://hl7.org/fhir/sid/icd-10-cm
K27.9	http://hl7.org/fhir/sid/icd-10-cm
K29.50	http://hl7.org/fhir/sid/icd-10-cm
K29.70	http://hl7.org/fhir/sid/icd-10-cm
K29.71	http://hl7.org/fhir/sid/icd-10-cm
K29.80	http://hl7.org/fhir/sid/icd-10-cm
K30	http://hl7.org/fhir/sid/icd-10-cm
K31.7	http://hl7.org/fhir/sid/icd-10-cm
K31.811	http://hl7.org/fhir/sid/icd-10-cm
K31.819	http://hl7.org/fhir/sid/icd-10-cm
K31.84	http://hl7.org/fhir/sid/icd-10-cm
K31.89	http://hl7.org/fhir/sid/icd-10-cm
K31.9	http://hl7.org/fhir/sid/icd-10-cm
K40.90	http://hl7.org/fhir/sid/icd-10-cm
K42.9	http://hl7.org/fhir/sid/icd-10-cm
K43.2	http://hl7.org/fhir/sid/icd-10-cm
K43.9	http://hl7.org/fhir/sid/icd-10-cm
K44.9	http://hl7.org/fhir/sid/icd-10-cm
K52.1	http://hl7.org/fhir/sid/icd-10-cm
K52.9	http://hl7.org/fhir/sid/icd-10-cm
K55.20	http://hl7.org/fhir/sid/icd-10-cm
K55.21	http://hl7.org/fhir/sid/icd-10-cm
K55.9	http://hl7.org/fhir/sid/icd-10-cm
K56.609	http://hl7.org/fhir/sid/icd-10-cm
K56.60	http://hl7.org/fhir/sid/icd-10-cm
K56.69	http://hl7.org/fhir/sid/icd-10-cm
K56.7	http://hl7.org/fhir/sid/icd-10-cm
K57.30	http://hl7.org/fhir/sid/icd-10-cm
K57.31	http://hl7.org/fhir/sid/icd-10-cm
K57.32	http://hl7.org/fhir/sid/icd-10-cm
K57.90	http://hl7.org/fhir/sid/icd-10-cm
K57.91	http://hl7.org/fhir/sid/icd-10-cm
K57.92	http://hl7.org/fhir/sid/icd-10-cm
K58.9	http://hl7.org/fhir/sid/icd-10-cm
K59.00	http://hl7.org/fhir/sid/icd-10-cm
K59.01	http://hl7.org/fhir/sid/icd-10-cm
K59.03	http://hl7.org/fhir/sid/icd-10-cm
K59.09	http://hl7.org/fhir/sid/icd-10-cm
K62.1	http://hl7.org/fhir/sid/icd-10-cm
K62.5	http://hl7.org/fhir/sid/icd-10-cm
K62.89	http://hl7.org/fhir/sid/icd-10-cm
K63.3	http://hl7.org/fhir/sid/icd-10-cm
K63.5	http://hl7.org/fhir/sid/icd-10-cm
K63.89	http://hl7.org/fhir/sid/icd-10-cm
K63.9	http://hl7.org/fhir/sid/icd-10-cm
K64.0	http://hl7.org/fhir/sid/icd-10-cm
K64.1	http://hl7.org/fhir/sid/icd-10-cm
K64.4	http://hl7.org/fhir/sid/icd-10-cm
K64.8	http://hl7.org/fhir/sid/icd-10-cm
K64.9	http://hl7.org/fhir/sid/icd-10-cm
K65.1	http://hl7.org/fhir/sid/icd-10-cm
K66.0	http://hl7.org/fhir/sid/icd-10-cm
K66.1	http://hl7.org/fhir/sid/icd-10-cm
K72.00	http://hl7.org/fhir/sid/icd-10-cm
K72.90	http://hl7.org/fhir/sid/icd-10-cm
K74.60	http://hl7.org/fhir/sid/icd-10-cm
K74.69	http://hl7.org/fhir/sid/icd-10-cm
K75.81	http://hl7.org/fhir/sid/icd-10-cm
K76.0	http://hl7.org/fhir/sid/icd-10-cm
K76.6	http://hl7.org/fhir/sid/icd-10-cm
K76.89	http://hl7.org/fhir/sid/icd-10-cm
K76.9	http://hl7.org/fhir/sid/icd-10-cm
K80.20	http://hl7.org/fhir/sid/icd-10-cm
K82.8	http://hl7.org/fhir/sid/icd-10-cm
K83.1	http://hl7.org/fhir/sid/icd-10-cm
K83.8	http://hl7.org/fhir/sid/icd-10-cm
K85.90	http://hl7.org/fhir/sid/icd-10-cm
K86.89	http://hl7.org/fhir/sid/icd-10-cm
K86.8	http://hl7.org/fhir/sid/icd-10-cm
K86.9	http://hl7.org/fhir/sid/icd-10-cm
K91.89	http://hl7.org/fhir/sid/icd-10-cm
K92.0	http://hl7.org/fhir/sid/icd-10-cm
K92.1	http://hl7.org/fhir/sid/icd-10-cm
K92.2	http://hl7.org/fhir/sid/icd-10-cm
L02.91	http://hl7.org/fhir/sid/icd-10-cm
L03.032	http://hl7.org/fhir/sid/icd-10-cm
L03.113	http://hl7.org/fhir/sid/icd-10-cm
L03.114	http://hl7.org/fhir/sid/icd-10-cm
L03.115	http://hl7.org/fhir/sid/icd-10-cm
L03.116	http://hl7.org/fhir/sid/icd-10-cm
L03.119	http://hl7.org/fhir/sid/icd-10-cm
L03.311	http://hl7.org/fhir/sid/icd-10-cm
L03.90	http://hl7.org/fhir/sid/icd-10-cm
L08.9	http://hl7.org/fhir/sid/icd-10-cm
L21.9	http://hl7.org/fhir/sid/icd-10-cm
L27.0	http://hl7.org/fhir/sid/icd-10-cm
L29.9	http://hl7.org/fhir/sid/icd-10-cm
L30.9	http://hl7.org/fhir/sid/icd-10-cm
L40.9	http://hl7.org/fhir/sid/icd-10-cm
L53.9	http://hl7.org/fhir/sid/icd-10-cm
L57.0	http://hl7.org/fhir/sid/icd-10-cm
L57.8	http://hl7.org/fhir/sid/icd-10-cm
L81.4	http://hl7.org/fhir/sid/icd-10-cm
L82.0	http://hl7.org/fhir/sid/icd-10-cm
L82.1	http://hl7.org/fhir/sid/icd-10-cm
L84	http://hl7.org/fhir/sid/icd-10-cm
L89.152	http://hl7.org/fhir/sid/icd-10-cm
L90.5	http://hl7.org/fhir/sid/icd-10-cm
L97.509	http://hl7.org/fhir/sid/icd-10-cm
L97.519	http://hl7.org/fhir/sid/icd-10-cm
L97.521	http://hl7.org/fhir/sid/icd-10-cm
L97.529	http://hl7.org/fhir/sid/icd-10-cm
L97.829	http://hl7.org/fhir/sid/icd-10-cm
L97.909	http://hl7.org/fhir/sid/icd-10-cm
L97.919	http://hl7.org/fhir/sid/icd-10-cm
L97.929	http://hl7.org/fhir/sid/icd-10-cm
L98.499	http://hl7.org/fhir/sid/icd-10-cm
L98.8	http://hl7.org/fhir/sid/icd-10-cm
L98.9	http://hl7.org/fhir/sid/icd-10-cm
M06.9	http://hl7.org/fhir/sid/icd-10-cm
M10.00	http://hl7.org/fhir/sid/icd-10-cm
M10.9	http://hl7.org/fhir/sid/icd-10-cm
M12.9	http://hl7.org/fhir/sid/icd-10-cm
M15.0	http://hl7.org/fhir/sid/icd-10-cm
M15.9	http://hl7.org/fhir/sid/icd-10-cm
M16.0	http://hl7.org/fhir/sid/icd-10-cm
M16.11	http://hl7.org/fhir/sid/icd-10-cm
M16.12	http://hl7.org/fhir/sid/icd-10-cm
M17.0	http://hl7.org/fhir/sid/icd-10-cm
M17.10	http://hl7.org/fhir/sid/icd-10-cm
M17.11	http://hl7.org/fhir/sid/icd-10-cm
M17.12	http://hl7.org/fhir/sid/icd-10-cm
M19.011	http://hl7.org/fhir/sid/icd-10-cm
M19.012	http://hl7.org/fhir/sid/icd-10-cm
M19.041	http://hl7.org/fhir/sid/icd-10-cm
M19.042	http://hl7.org/fhir/sid/icd-10-cm
M19.049	http://hl7.org/fhir/sid/icd-10-cm
M19.071	http://hl7.org/fhir/sid/icd-10-cm
M19.072	http://hl7.org/fhir/sid/icd-10-cm
M19.079	http://hl7.org/fhir/sid/icd-10-cm
M19.90	http://hl7.org/fhir/sid/icd-10-cm
M19.91	http://hl7.org/fhir/sid/icd-10-cm
M25.461	http://hl7.org/fhir/sid/icd-10-cm
M25.462	http://hl7.org/fhir/sid/icd-10-cm
M25.472	http://hl7.org/fhir/sid/icd-10-cm
M25.50	http://hl7.org/fhir/sid/icd-10-cm
M25.511	http://hl7.org/fhir/sid/icd-10-cm
M25.512	http://hl7.org/fhir/sid/icd-10-cm
M25.519	http://hl7.org/fhir/sid/icd-10-cm
M25.521	http://hl7.org/fhir/sid/icd-10-cm
M25.531	http://hl7.org/fhir/sid/icd-10-cm
M25.532	http://hl7.org/fhir/sid/icd-10-cm
M25.551	http://hl7.org/fhir/sid/icd-10-cm
M25.552	http://hl7.org/fhir/sid/icd-10-cm
M25.559	http://hl7.org/fhir/sid/icd-10-cm
M25.561	http://hl7.org/fhir/sid/icd-10-cm
M25.562	http://hl7.org/fhir/sid/icd-10-cm
M25.569	http://hl7.org/fhir/sid/icd-10-cm
M25.571	http://hl7.org/fhir/sid/icd-10-cm
M25.572	http://hl7.org/fhir/sid/icd-10-cm
M25.78	http://hl7.org/fhir/sid/icd-10-cm
M32.9	http://hl7.org/fhir/sid/icd-10-cm
M41.9	http://hl7.org/fhir/sid/icd-10-cm
M43.16	http://hl7.org/fhir/sid/icd-10-cm
M47.812	http://hl7.org/fhir/sid/icd-10-cm
M47.814	http://hl7.org/fhir/sid/icd-10-cm
M47.816	http://hl7.org/fhir/sid/icd-10-cm
M47.817	http://hl7.org/fhir/sid/icd-10-cm
M47.819	http://hl7.org/fhir/sid/icd-10-cm
M47.9	http://hl7.org/fhir/sid/icd-10-cm
M48.00	http://hl7.org/fhir/sid/icd-10-cm
M48.02	http://hl7.org/fhir/sid/icd-10-cm
M48.061	http://hl7.org/fhir/sid/icd-10-cm
M48.06	http://hl7.org/fhir/sid/icd-10-cm
M48.54XA	http://hl7.org/fhir/sid/icd-10-cm
M48.56XA	http://hl7.org/fhir/sid/icd-10-cm
M50.30	http://hl7.org/fhir/sid/icd-10-cm
M51.16	http://hl7.org/fhir/sid/icd-10-cm
M51.26	http://hl7.org/fhir/sid/icd-10-cm
M51.27	http://hl7.org/fhir/sid/icd-10-cm
M51.34	http://hl7.org/fhir/sid/icd-10-cm
M51.36	http://hl7.org/fhir/sid/icd-10-cm
M51.37	http://hl7.org/fhir/sid/icd-10-cm
M53.3	http://hl7.org/fhir/sid/icd-10-cm
M54.10	http://hl7.org/fhir/sid/icd-10-cm
M54.12	http://hl7.org/fhir/sid/icd-10-cm
M54.16	http://hl7.org/fhir/sid/icd-10-cm
M54.17	http://hl7.org/fhir/sid/icd-10-cm
M54.2	http://hl7.org/fhir/sid/icd-10-cm
M54.30	http://hl7.org/fhir/sid/icd-10-cm
M54.31	http://hl7.org/fhir/sid/icd-10-cm
M54.32	http://hl7.org/fhir/sid/icd-10-cm
M54.40	http://hl7.org/fhir/sid/icd-10-cm
M54.41	http://hl7.org/fhir/sid/icd-10-cm
M54.42	http://hl7.org/fhir/sid/icd-10-cm
M54.5	http://hl7.org/fhir/sid/icd-10-cm
M54.6	http://hl7.org/fhir/sid/icd-10-cm
M54.9	http://hl7.org/fhir/sid/icd-10-cm
M62.81	http://hl7.org/fhir/sid/icd-10-cm
M62.838	http://hl7.org/fhir/sid/icd-10-cm
M79.10	http://hl7.org/fhir/sid/icd-10-cm
M79.18	http://hl7.org/fhir/sid/icd-10-cm
M79.1	http://hl7.org/fhir/sid/icd-10-cm
M79.2	http://hl7.org/fhir/sid/icd-10-cm
M79.601	http://hl7.org/fhir/sid/icd-10-cm
M79.602	http://hl7.org/fhir/sid/icd-10-cm
M79.603	http://hl7.org/fhir/sid/icd-10-cm
M79.604	http://hl7.org/fhir/sid/icd-10-cm
M79.605	http://hl7.org/fhir/sid/icd-10-cm
M79.606	http://hl7.org/fhir/sid/icd-10-cm
M79.622	http://hl7.org/fhir/sid/icd-10-cm
M79.641	http://hl7.org/fhir/sid/icd-10-cm
M79.642	http://hl7.org/fhir/sid/icd-10-cm
M79.651	http://hl7.org/fhir/sid/icd-10-cm
M79.661	http://hl7.org/fhir/sid/icd-10-cm
M79.662	http://hl7.org/fhir/sid/icd-10-cm
M79.671	http://hl7.org/fhir/sid/icd-10-cm
M79.672	http://hl7.org/fhir/sid/icd-10-cm
M79.673	http://hl7.org/fhir/sid/icd-10-cm
M79.675	http://hl7.org/fhir/sid/icd-10-cm
M79.7	http://hl7.org/fhir/sid/icd-10-cm
M79.89	http://hl7.org/fhir/sid/icd-10-cm
M79.9	http://hl7.org/fhir/sid/icd-10-cm
M81.0	http://hl7.org/fhir/sid/icd-10-cm
M85.80	http://hl7.org/fhir/sid/icd-10-cm
M85.88	http://hl7.org/fhir/sid/icd-10-cm
M86.9	http://hl7.org/fhir/sid/icd-10-cm
M89.8X9	http://hl7.org/fhir/sid/icd-10-cm
M89.9	http://hl7.org/fhir/sid/icd-10-cm
N10	http://hl7.org/fhir/sid/icd-10-cm
N12	http://hl7.org/fhir/sid/icd-10-cm
N13.2	http://hl7.org/fhir/sid/icd-10-cm
N13.30	http://hl7.org/fhir/sid/icd-10-cm
N13.4	http://hl7.org/fhir/sid/icd-10-cm
N13.6	http://hl7.org/fhir/sid/icd-10-cm
N13.8	http://hl7.org/fhir/sid/icd-10-cm
N13.9	http://hl7.org/fhir/sid/icd-10-cm
N17.0	http://hl7.org/fhir/sid/icd-10-cm
N17.9	http://hl7.org/fhir/sid/icd-10-cm
N18.1	http://hl7.org/fhir/sid/icd-10-cm
N18.2	http://hl7.org/fhir/sid/icd-10-cm
N18.3	http://hl7.org/fhir/sid/icd-10-cm
N18.4	http://hl7.org/fhir/sid/icd-10-cm
N18.5	http://hl7.org/fhir/sid/icd-10-cm
N18.6	http://hl7.org/fhir/sid/icd-10-cm
N18.9	http://hl7.org/fhir/sid/icd-10-cm
N19	http://hl7.org/fhir/sid/icd-10-cm
N20.0	http://hl7.org/fhir/sid/icd-10-cm
N25.81	http://hl7.org/fhir/sid/icd-10-cm
N26.1	http://hl7.org/fhir/sid/icd-10-cm
N28.1	http://hl7.org/fhir/sid/icd-10-cm
N28.89	http://hl7.org/fhir/sid/icd-10-cm
N28.9	http://hl7.org/fhir/sid/icd-10-cm
N30.00	http://hl7.org/fhir/sid/icd-10-cm
N30.01	http://hl7.org/fhir/sid/icd-10-cm
N30.90	http://hl7.org/fhir/sid/icd-10-cm
N32.89	http://hl7.org/fhir/sid/icd-10-cm
N39.0	http://hl7.org/fhir/sid/icd-10-cm
N39.41	http://hl7.org/fhir/sid/icd-10-cm
N39.46	http://hl7.org/fhir/sid/icd-10-cm
N40.0	http://hl7.org/fhir/sid/icd-10-cm
N40.1	http://hl7.org/fhir/sid/icd-10-cm
N50.89	http://hl7.org/fhir/sid/icd-10-cm
N52.9	http://hl7.org/fhir/sid/icd-10-cm
N62	http://hl7.org/fhir/sid/icd-10-cm
N63.0	http://hl7.org/fhir/sid/icd-10-cm
N63	http://hl7.org/fhir/sid/icd-10-cm
N64.4	http://hl7.org/fhir/sid/icd-10-cm
N89.8	http://hl7.org/fhir/sid/icd-10-cm
N93.9	http://hl7.org/fhir/sid/icd-10-cm
N95.0	http://hl7.org/fhir/sid/icd-10-cm
N95.2	http://hl7.org/fhir/sid/icd-10-cm
O22.30	http://hl7.org/fhir/sid/icd-10-cm
Q21.1	http://hl7.org/fhir/sid/icd-10-cm
Q25.3	http://hl7.org/fhir/sid/icd-10-cm
R00.0	http://hl7.org/fhir/sid/icd-10-cm
R00.1	http://hl7.org/fhir/sid/icd-10-cm
R00.2	http://hl7.org/fhir/sid/icd-10-cm
R01.1	http://hl7.org/fhir/sid/icd-10-cm
R03.0	http://hl7.org/fhir/sid/icd-10-cm
R04.0	http://hl7.org/fhir/sid/icd-10-cm
R04.2	http://hl7.org/fhir/sid/icd-10-cm
R05	http://hl7.org/fhir/sid/icd-10-cm
R06.00	http://hl7.org/fhir/sid/icd-10-cm
R06.01	http://hl7.org/fhir/sid/icd-10-cm
R06.02	http://hl7.org/fhir/sid/icd-10-cm
R06.03	http://hl7.org/fhir/sid/icd-10-cm
R06.09	http://hl7.org/fhir/sid/icd-10-cm
R06.2	http://hl7.org/fhir/sid/icd-10-cm
R06.82	http://hl7.org/fhir/sid/icd-10-cm
R06.83	http://hl7.org/fhir/sid/icd-10-cm
R06.89	http://hl7.org/fhir/sid/icd-10-cm
R07.1	http://hl7.org/fhir/sid/icd-10-cm
R07.2	http://hl7.org/fhir/sid/icd-10-cm
R07.81	http://hl7.org/fhir/sid/icd-10-cm
R07.89	http://hl7.org/fhir/sid/icd-10-cm
R07.9	http://hl7.org/fhir/sid/icd-10-cm
R09.02	http://hl7.org/fhir/sid/icd-10-cm
R09.81	http://hl7.org/fhir/sid/icd-10-cm
R09.82	http://hl7.org/fhir/sid/icd-10-cm
R09.89	http://hl7.org/fhir/sid/icd-10-cm
R10.10	http://hl7.org/fhir/sid/icd-10-cm
R10.11	http://hl7.org/fhir/sid/icd-10-cm
R10.12	http://hl7.org/fhir/sid/icd-10-cm
R10.13	http://hl7.org/fhir/sid/icd-10-cm
R10.2	http://hl7.org/fhir/sid/icd-10-cm
R10.30	http://hl7.org/fhir/sid/icd-10-cm
R10.31	http://hl7.org/fhir/sid/icd-10-cm
R10.32	http://hl7.org/fhir/sid/icd-10-cm
R10.33	http://hl7.org/fhir/sid/icd-10-cm
R10.84	http://hl7.org/fhir/sid/icd-10-cm
R10.9	http://hl7.org/fhir/sid/icd-10-cm
R11.0	http://hl7.org/fhir/sid/icd-10-cm
R11.10	http://hl7.org/fhir/sid/icd-10-cm
R11.2	http://hl7.org/fhir/sid/icd-10-cm
R12	http://hl7.org/fhir/sid/icd-10-cm
R13.10	http://hl7.org/fhir/sid/icd-10-cm
R13.12	http://hl7.org/fhir/sid/icd-10-cm
R13.19	http://hl7.org/fhir/sid/icd-10-cm
R14.0	http://hl7.org/fhir/sid/icd-10-cm
R15.9	http://hl7.org/fhir/sid/icd-10-cm
R16.0	http://hl7.org/fhir/sid/icd-10-cm
R16.1	http://hl7.org/fhir/sid/icd-10-cm
R16.2	http://hl7.org/fhir/sid/icd-10-cm
R17	http://hl7.org/fhir/sid/icd-10-cm
R18.8	http://hl7.org/fhir/sid/icd-10-cm
R19.00	http://hl7.org/fhir/sid/icd-10-cm
R19.5	http://hl7.org/fhir/sid/icd-10-cm
R19.7	http://hl7.org/fhir/sid/icd-10-cm
R19.8	http://hl7.org/fhir/sid/icd-10-cm
R20.0	http://hl7.org/fhir/sid/icd-10-cm
R20.2	http://hl7.org/fhir/sid/icd-10-cm
R20.9	http://hl7.org/fhir/sid/icd-10-cm
R21	http://hl7.org/fhir/sid/icd-10-cm
R22.0	http://hl7.org/fhir/sid/icd-10-cm
R22.1	http://hl7.org/fhir/sid/icd-10-cm
R22.2	http://hl7.org/fhir/sid/icd-10-cm
R22.41	http://hl7.org/fhir/sid/icd-10-cm
R22.9	http://hl7.org/fhir/sid/icd-10-cm
R23.3	http://hl7.org/fhir/sid/icd-10-cm
R23.4	http://hl7.org/fhir/sid/icd-10-cm
R23.8	http://hl7.org/fhir/sid/icd-10-cm
R25.1	http://hl7.org/fhir/sid/icd-10-cm
R25.2	http://hl7.org/fhir/sid/icd-10-cm
R26.2	http://hl7.org/fhir/sid/icd-10-cm
R26.81	http://hl7.org/fhir/sid/icd-10-cm
R26.89	http://hl7.org/fhir/sid/icd-10-cm
R26.9	http://hl7.org/fhir/sid/icd-10-cm
R29.6	http://hl7.org/fhir/sid/icd-10-cm
R29.810	http://hl7.org/fhir/sid/icd-10-cm
R29.898	http://hl7.org/fhir/sid/icd-10-cm
R30.0	http://hl7.org/fhir/sid/icd-10-cm
R30.9	http://hl7.org/fhir/sid/icd-10-cm
R31.0	http://hl7.org/fhir/sid/icd-10-cm
R31.29	http://hl7.org/fhir/sid/icd-10-cm
R31.9	http://hl7.org/fhir/sid/icd-10-cm
R32	http://hl7.org/fhir/sid/icd-10-cm
R33.8	http://hl7.org/fhir/sid/icd-10-cm
R33.9	http://hl7.org/fhir/sid/icd-10-cm
R34	http://hl7.org/fhir/sid/icd-10-cm
R35.0	http://hl7.org/fhir/sid/icd-10-cm
R35.1	http://hl7.org/fhir/sid/icd-10-cm
R39.15	http://hl7.org/fhir/sid/icd-10-cm
R39.9	http://hl7.org/fhir/sid/icd-10-cm
R40.0	http://hl7.org/fhir/sid/icd-10-cm
R40.4	http://hl7.org/fhir/sid/icd-10-cm
R41.0	http://hl7.org/fhir/sid/icd-10-cm
R41.3	http://hl7.org/fhir/sid/icd-10-cm
R41.82	http://hl7.org/fhir/sid/icd-10-cm
R41.89	http://hl7.org/fhir/sid/icd-10-cm
R42	http://hl7.org/fhir/sid/icd-10-cm
R45.1	http://hl7.org/fhir/sid/icd-10-cm
R45.851	http://hl7.org/fhir/sid/icd-10-cm
R47.01	http://hl7.org/fhir/sid/icd-10-cm
R47.81	http://hl7.org/fhir/sid/icd-10-cm
R49.0	http://hl7.org/fhir/sid/icd-10-cm
R50.81	http://hl7.org/fhir/sid/icd-10-cm
R50.9	http://hl7.org/fhir/sid/icd-10-cm
R51	http://hl7.org/fhir/sid/icd-10-cm
R52	http://hl7.org/fhir/sid/icd-10-cm
R53.1	http://hl7.org/fhir/sid/icd-10-cm
R53.81	http://hl7.org/fhir/sid/icd-10-cm
R53.82	http://hl7.org/fhir/sid/icd-10-cm
R53.83	http://hl7.org/fhir/sid/icd-10-cm
R54	http://hl7.org/fhir/sid/icd-10-cm
R55	http://hl7.org/fhir/sid/icd-10-cm
R56.9	http://hl7.org/fhir/sid/icd-10-cm
R57.0	http://hl7.org/fhir/sid/icd-10-cm
R57.1	http://hl7.org/fhir/sid/icd-10-cm
R57.8	http://hl7.org/fhir/sid/icd-10-cm
R57.9	http://hl7.org/fhir/sid/icd-10-cm
R58	http://hl7.org/fhir/sid/icd-10-cm
R59.0	http://hl7.org/fhir/sid/icd-10-cm
R59.1	http://hl7.org/fhir/sid/icd-10-cm
R59.9	http://hl7.org/fhir/sid/icd-10-cm
R60.0	http://hl7.org/fhir/sid/icd-10-cm
R60.1	http://hl7.org/fhir/sid/icd-10-cm
R60.9	http://hl7.org/fhir/sid/icd-10-cm
R61	http://hl7.org/fhir/sid/icd-10-cm
R62.7	http://hl7.org/fhir/sid/icd-10-cm
R63.0	http://hl7.org/fhir/sid/icd-10-cm
R63.3	http://hl7.org/fhir/sid/icd-10-cm
R63.4	http://hl7.org/fhir/sid/icd-10-cm
R63.5	http://hl7.org/fhir/sid/icd-10-cm
R63.8	http://hl7.org/fhir/sid/icd-10-cm
R64	http://hl7.org/fhir/sid/icd-10-cm
R65.10	http://hl7.org/fhir/sid/icd-10-cm
R65.20	http://hl7.org/fhir/sid/icd-10-cm
R65.21	http://hl7.org/fhir/sid/icd-10-cm
R68.81	http://hl7.org/fhir/sid/icd-10-cm
R68.83	http://hl7.org/fhir/sid/icd-10-cm
R68.89	http://hl7.org/fhir/sid/icd-10-cm
R69	http://hl7.org/fhir/sid/icd-10-cm
R71.0	http://hl7.org/fhir/sid/icd-10-cm
R73.01	http://hl7.org/fhir/sid/icd-10-cm
R73.03	http://hl7.org/fhir/sid/icd-10-cm
R73.09	http://hl7.org/fhir/sid/icd-10-cm
R73.9	http://hl7.org/fhir/sid/icd-10-cm
R74.0	http://hl7.org/fhir/sid/icd-10-cm
R74.8	http://hl7.org/fhir/sid/icd-10-cm
R76.8	http://hl7.org/fhir/sid/icd-10-cm
R77.8	http://hl7.org/fhir/sid/icd-10-cm
R78.81	http://hl7.org/fhir/sid/icd-10-cm
R79.1	http://hl7.org/fhir/sid/icd-10-cm
R79.89	http://hl7.org/fhir/sid/icd-10-cm
R79.9	http://hl7.org/fhir/sid/icd-10-cm
R80.9	http://hl7.org/fhir/sid/icd-10-cm
R82.90	http://hl7.org/fhir/sid/icd-10-cm
R90.82	http://hl7.org/fhir/sid/icd-10-cm
R90.89	http://hl7.org/fhir/sid/icd-10-cm
R91.1	http://hl7.org/fhir/sid/icd-10-cm
R91.8	http://hl7.org/fhir/sid/icd-10-cm
R92.1	http://hl7.org/fhir/sid/icd-10-cm
R92.2	http://hl7.org/fhir/sid/icd-10-cm
R92.8	http://hl7.org/fhir/sid/icd-10-cm
R93.0	http://hl7.org/fhir/sid/icd-10-cm
R93.1	http://hl7.org/fhir/sid/icd-10-cm
R93.2	http://hl7.org/fhir/sid/icd-10-cm
R93.3	http://hl7.org/fhir/sid/icd-10-cm
R93.41	http://hl7.org/fhir/sid/icd-10-cm
R93.5	http://hl7.org/fhir/sid/icd-10-cm
R93.7	http://hl7.org/fhir/sid/icd-10-cm
R93.89	http://hl7.org/fhir/sid/icd-10-cm
R93.8	http://hl7.org/fhir/sid/icd-10-cm
R94.31	http://hl7.org/fhir/sid/icd-10-cm
R94.39	http://hl7.org/fhir/sid/icd-10-cm
R94.4	http://hl7.org/fhir/sid/icd-10-cm
R94.5	http://hl7.org/fhir/sid/icd-10-cm
R94.6	http://hl7.org/fhir/sid/icd-10-cm
R97.20	http://hl7.org/fhir/sid/icd-10-cm
S00.03XA	http://hl7.org/fhir/sid/icd-10-cm
S00.83XA	http://hl7.org/fhir/sid/icd-10-cm
S01.81XA	http://hl7.org/fhir/sid/icd-10-cm
S09.90XA	http://hl7.org/fhir/sid/icd-10-cm
S19.9XXA	http://hl7.org/fhir/sid/icd-10-cm
S29.9XXA	http://hl7.org/fhir/sid/icd-10-cm
S30.1XXA	http://hl7.org/fhir/sid/icd-10-cm
S39.93XA	http://hl7.org/fhir/sid/icd-10-cm
S72.001A	http://hl7.org/fhir/sid/icd-10-cm
S81.801A	http://hl7.org/fhir/sid/icd-10-cm
S81.802A	http://hl7.org/fhir/sid/icd-10-cm
T07.XXXA	http://hl7.org/fhir/sid/icd-10-cm
T14.8	http://hl7.org/fhir/sid/icd-10-cm
T14.8XXA	http://hl7.org/fhir/sid/icd-10-cm
T38.0X5A	http://hl7.org/fhir/sid/icd-10-cm
T40.2X5A	http://hl7.org/fhir/sid/icd-10-cm
T45.1X5A	http://hl7.org/fhir/sid/icd-10-cm
T45.1X5D	http://hl7.org/fhir/sid/icd-10-cm
T45.515A	http://hl7.org/fhir/sid/icd-10-cm
T50.905A	http://hl7.org/fhir/sid/icd-10-cm
T78.40XA	http://hl7.org/fhir/sid/icd-10-cm
T81.31XA	http://hl7.org/fhir/sid/icd-10-cm
T81.4XXA	http://hl7.org/fhir/sid/icd-10-cm
T81.89XA	http://hl7.org/fhir/sid/icd-10-cm
T82.7XXA	http://hl7.org/fhir/sid/icd-10-cm
T82.858A	http://hl7.org/fhir/sid/icd-10-cm
T82.868A	http://hl7.org/fhir/sid/icd-10-cm
T82.898A	http://hl7.org/fhir/sid/icd-10-cm
T83.511A	http://hl7.org/fhir/sid/icd-10-cm
V03.82	http://hl7.org/fhir/sid/icd-9-cm
V04.81	http://hl7.org/fhir/sid/icd-9-cm
V06.1	http://hl7.org/fhir/sid/icd-9-cm
V10.3	http://hl7.org/fhir/sid/icd-9-cm
V10.46	http://hl7.org/fhir/sid/icd-9-cm
V10.83	http://hl7.org/fhir/sid/icd-9-cm
V12.51	http://hl7.org/fhir/sid/icd-9-cm
V12.54	http://hl7.org/fhir/sid/icd-9-cm
V12.55	http://hl7.org/fhir/sid/icd-9-cm
V12.59	http://hl7.org/fhir/sid/icd-9-cm
V12.71	http://hl7.org/fhir/sid/icd-9-cm
V12.72	http://hl7.org/fhir/sid/icd-9-cm
V12.79	http://hl7.org/fhir/sid/icd-9-cm
V13.02	http://hl7.org/fhir/sid/icd-9-cm
V14.0	http://hl7.org/fhir/sid/icd-9-cm
V14.1	http://hl7.org/fhir/sid/icd-9-cm
V14.2	http://hl7.org/fhir/sid/icd-9-cm
V14.5	http://hl7.org/fhir/sid/icd-9-cm
V14.8	http://hl7.org/fhir/sid/icd-9-cm
V15.3	http://hl7.org/fhir/sid/icd-9-cm
V15.81	http://hl7.org/fhir/sid/icd-9-cm
V15.82	http://hl7.org/fhir/sid/icd-9-cm
V15.88	http://hl7.org/fhir/sid/icd-9-cm
V16.0	http://hl7.org/fhir/sid/icd-9-cm
V16.1	http://hl7.org/fhir/sid/icd-9-cm
V17.3	http://hl7.org/fhir/sid/icd-9-cm
V17.49	http://hl7.org/fhir/sid/icd-9-cm
V43.1	http://hl7.org/fhir/sid/icd-9-cm
V43.3	http://hl7.org/fhir/sid/icd-9-cm
V43.64	http://hl7.org/fhir/sid/icd-9-cm
V43.65	http://hl7.org/fhir/sid/icd-9-cm
V45.01	http://hl7.org/fhir/sid/icd-9-cm
V45.02	http://hl7.org/fhir/sid/icd-9-cm
V45.4	http://hl7.org/fhir/sid/icd-9-cm
V45.61	http://hl7.org/fhir/sid/icd-9-cm
V45.79	http://hl7.org/fhir/sid/icd-9-cm
V45.81	http://hl7.org/fhir/sid/icd-9-cm
V45.82	http://hl7.org/fhir/sid/icd-9-cm
V45.86	http://hl7.org/fhir/sid/icd-9-cm
V45.89	http://hl7.org/fhir/sid/icd-9-cm
V46.2	http://hl7.org/fhir/sid/icd-9-cm
V46.8	http://hl7.org/fhir/sid/icd-9-cm
V49.86	http://hl7.org/fhir/sid/icd-9-cm
V53.31	http://hl7.org/fhir/sid/icd-9-cm
V53.32	http://hl7.org/fhir/sid/icd-9-cm
V54.89	http://hl7.org/fhir/sid/icd-9-cm
V57.1	http://hl7.org/fhir/sid/icd-9-cm
V57.89	http://hl7.org/fhir/sid/icd-9-cm
V58.11	http://hl7.org/fhir/sid/icd-9-cm
V58.61	http://hl7.org/fhir/sid/icd-9-cm
V58.63	http://hl7.org/fhir/sid/icd-9-cm
V58.65	http://hl7.org/fhir/sid/icd-9-cm
V58.66	http://hl7.org/fhir/sid/icd-9-cm
V58.67	http://hl7.org/fhir/sid/icd-9-cm
V58.69	http://hl7.org/fhir/sid/icd-9-cm
V58.81	http://hl7.org/fhir/sid/icd-9-cm
V58.82	http://hl7.org/fhir/sid/icd-9-cm
V58.83	http://hl7.org/fhir/sid/icd-9-cm
V58.89	http://hl7.org/fhir/sid/icd-9-cm
V66.7	http://hl7.org/fhir/sid/icd-9-cm
V67.09	http://hl7.org/fhir/sid/icd-9-cm
V67.59	http://hl7.org/fhir/sid/icd-9-cm
V70.0	http://hl7.org/fhir/sid/icd-9-cm
V70.7	http://hl7.org/fhir/sid/icd-9-cm
V72.5	http://hl7.org/fhir/sid/icd-9-cm
V72.81	http://hl7.org/fhir/sid/icd-9-cm
V72.83	http://hl7.org/fhir/sid/icd-9-cm
V72.84	http://hl7.org/fhir/sid/icd-9-cm
V76.10	http://hl7.org/fhir/sid/icd-9-cm
V76.12	http://hl7.org/fhir/sid/icd-9-cm
V76.44	http://hl7.org/fhir/sid/icd-9-cm
V76.51	http://hl7.org/fhir/sid/icd-9-cm
V85.41	http://hl7.org/fhir/sid/icd-9-cm
V87.41	http://hl7.org/fhir/sid/icd-9-cm
V88.01	http://hl7.org/fhir/sid/icd-9-cm
W19.XXXA	http://hl7.org/fhir/sid/icd-10-cm
W19.XXXD	http://hl7.org/fhir/sid/icd-10-cm
W57.XXXA	http://hl7.org/fhir/sid/icd-10-cm
Y92.009	http://hl7.org/fhir/sid/icd-10-cm
Z00.00	http://hl7.org/fhir/sid/icd-10-cm
Z00.6	http://hl7.org/fhir/sid/icd-10-cm
Z00.8	http://hl7.org/fhir/sid/icd-10-cm
Z01.419	http://hl7.org/fhir/sid/icd-10-cm
Z01.810	http://hl7.org/fhir/sid/icd-10-cm
Z01.812	http://hl7.org/fhir/sid/icd-10-cm
Z01.818	http://hl7.org/fhir/sid/icd-10-cm
Z01.89	http://hl7.org/fhir/sid/icd-10-cm
Z03.89	http://hl7.org/fhir/sid/icd-10-cm
Z04.3	http://hl7.org/fhir/sid/icd-10-cm
Z08	http://hl7.org/fhir/sid/icd-10-cm
Z09	http://hl7.org/fhir/sid/icd-10-cm
Z11.59	http://hl7.org/fhir/sid/icd-10-cm
Z12.11	http://hl7.org/fhir/sid/icd-10-cm
Z12.31	http://hl7.org/fhir/sid/icd-10-cm
Z12.39	http://hl7.org/fhir/sid/icd-10-cm
Z12.4	http://hl7.org/fhir/sid/icd-10-cm
Z12.5	http://hl7.org/fhir/sid/icd-10-cm
Z13.1	http://hl7.org/fhir/sid/icd-10-cm
Z13.220	http://hl7.org/fhir/sid/icd-10-cm
Z13.6	http://hl7.org/fhir/sid/icd-10-cm
Z13.820	http://hl7.org/fhir/sid/icd-10-cm
Z13.89	http://hl7.org/fhir/sid/icd-10-cm
Z13.9	http://hl7.org/fhir/sid/icd-10-cm
Z17.0	http://hl7.org/fhir/sid/icd-10-cm
Z23	http://hl7.org/fhir/sid/icd-10-cm
Z41.9	http://hl7.org/fhir/sid/icd-10-cm
Z45.010	http://hl7.org/fhir/sid/icd-10-cm
Z45.018	http://hl7.org/fhir/sid/icd-10-cm
Z45.02	http://hl7.org/fhir/sid/icd-10-cm
Z45.2	http://hl7.org/fhir/sid/icd-10-cm
Z46.6	http://hl7.org/fhir/sid/icd-10-cm
Z46.82	http://hl7.org/fhir/sid/icd-10-cm
Z47.1	http://hl7.org/fhir/sid/icd-10-cm
Z48.02	http://hl7.org/fhir/sid/icd-10-cm
Z48.812	http://hl7.org/fhir/sid/icd-10-cm
Z48.89	http://hl7.org/fhir/sid/icd-10-cm
Z51.0	http://hl7.org/fhir/sid/icd-10-cm
Z51.11	http://hl7.org/fhir/sid/icd-10-cm
Z51.12	http://hl7.org/fhir/sid/icd-10-cm
Z51.5	http://hl7.org/fhir/sid/icd-10-cm
Z51.81	http://hl7.org/fhir/sid/icd-10-cm
Z51.89	http://hl7.org/fhir/sid/icd-10-cm
Z53.09	http://hl7.org/fhir/sid/icd-10-cm
Z53.21	http://hl7.org/fhir/sid/icd-10-cm
Z53.8	http://hl7.org/fhir/sid/icd-10-cm
Z66	http://hl7.org/fhir/sid/icd-10-cm
Z68.1	http://hl7.org/fhir/sid/icd-10-cm
Z68.20	http://hl7.org/fhir/sid/icd-10-cm
Z68.21	http://hl7.org/fhir/sid/icd-10-cm
Z68.22	http://hl7.org/fhir/sid/icd-10-cm
Z68.23	http://hl7.org/fhir/sid/icd-10-cm
Z68.24	http://hl7.org/fhir/sid/icd-10-cm
Z68.25	http://hl7.org/fhir/sid/icd-10-cm
Z68.26	http://hl7.org/fhir/sid/icd-10-cm
Z68.27	http://hl7.org/fhir/sid/icd-10-cm
Z68.28	http://hl7.org/fhir/sid/icd-10-cm
Z68.29	http://hl7.org/fhir/sid/icd-10-cm
Z68.30	http://hl7.org/fhir/sid/icd-10-cm
Z68.31	http://hl7.org/fhir/sid/icd-10-cm
Z68.32	http://hl7.org/fhir/sid/icd-10-cm
Z68.33	http://hl7.org/fhir/sid/icd-10-cm
Z68.34	http://hl7.org/fhir/sid/icd-10-cm
Z68.35	http://hl7.org/fhir/sid/icd-10-cm
Z68.36	http://hl7.org/fhir/sid/icd-10-cm
Z68.37	http://hl7.org/fhir/sid/icd-10-cm
Z68.38	http://hl7.org/fhir/sid/icd-10-cm
Z68.39	http://hl7.org/fhir/sid/icd-10-cm
Z68.41	http://hl7.org/fhir/sid/icd-10-cm
Z68.42	http://hl7.org/fhir/sid/icd-10-cm
Z68.43	http://hl7.org/fhir/sid/icd-10-cm
Z71.6	http://hl7.org/fhir/sid/icd-10-cm
Z71.89	http://hl7.org/fhir/sid/icd-10-cm
Z72.0	http://hl7.org/fhir/sid/icd-10-cm
Z72.89	http://hl7.org/fhir/sid/icd-10-cm
Z74.09	http://hl7.org/fhir/sid/icd-10-cm
Z76.0	http://hl7.org/fhir/sid/icd-10-cm
Z76.89	http://hl7.org/fhir/sid/icd-10-cm
Z78.0	http://hl7.org/fhir/sid/icd-10-cm
Z78.9	http://hl7.org/fhir/sid/icd-10-cm
Z79.01	http://hl7.org/fhir/sid/icd-10-cm
Z79.02	http://hl7.org/fhir/sid/icd-10-cm
Z79.1	http://hl7.org/fhir/sid/icd-10-cm
Z79.2	http://hl7.org/fhir/sid/icd-10-cm
Z79.4	http://hl7.org/fhir/sid/icd-10-cm
Z79.51	http://hl7.org/fhir/sid/icd-10-cm
Z79.52	http://hl7.org/fhir/sid/icd-10-cm
Z79.818	http://hl7.org/fhir/sid/icd-10-cm
Z79.82	http://hl7.org/fhir/sid/icd-10-cm
Z79.83	http://hl7.org/fhir/sid/icd-10-cm
Z79.84	http://hl7.org/fhir/sid/icd-10-cm
Z79.891	http://hl7.org/fhir/sid/icd-10-cm
Z79.899	http://hl7.org/fhir/sid/icd-10-cm
Z80.0	http://hl7.org/fhir/sid/icd-10-cm
Z80.1	http://hl7.org/fhir/sid/icd-10-cm
Z80.3	http://hl7.org/fhir/sid/icd-10-cm
Z80.42	http://hl7.org/fhir/sid/icd-10-cm
Z80.8	http://hl7.org/fhir/sid/icd-10-cm
Z80.9	http://hl7.org/fhir/sid/icd-10-cm
Z82.3	http://hl7.org/fhir/sid/icd-10-cm
Z82.49	http://hl7.org/fhir/sid/icd-10-cm
Z82.5	http://hl7.org/fhir/sid/icd-10-cm
Z83.3	http://hl7.org/fhir/sid/icd-10-cm
Z85.038	http://hl7.org/fhir/sid/icd-10-cm
Z85.118	http://hl7.org/fhir/sid/icd-10-cm
Z85.3	http://hl7.org/fhir/sid/icd-10-cm
Z85.42	http://hl7.org/fhir/sid/icd-10-cm
Z85.46	http://hl7.org/fhir/sid/icd-10-cm
Z85.51	http://hl7.org/fhir/sid/icd-10-cm
Z85.528	http://hl7.org/fhir/sid/icd-10-cm
Z85.72	http://hl7.org/fhir/sid/icd-10-cm
Z85.820	http://hl7.org/fhir/sid/icd-10-cm
Z85.828	http://hl7.org/fhir/sid/icd-10-cm
Z85.9	http://hl7.org/fhir/sid/icd-10-cm
Z86.010	http://hl7.org/fhir/sid/icd-10-cm
Z86.14	http://hl7.org/fhir/sid/icd-10-cm
Z86.19	http://hl7.org/fhir/sid/icd-10-cm
Z86.2	http://hl7.org/fhir/sid/icd-10-cm
Z86.39	http://hl7.org/fhir/sid/icd-10-cm
Z86.59	http://hl7.org/fhir/sid/icd-10-cm
Z86.69	http://hl7.org/fhir/sid/icd-10-cm
Z86.711	http://hl7.org/fhir/sid/icd-10-cm
Z86.718	http://hl7.org/fhir/sid/icd-10-cm
Z86.73	http://hl7.org/fhir/sid/icd-10-cm
Z86.74	http://hl7.org/fhir/sid/icd-10-cm
Z86.79	http://hl7.org/fhir/sid/icd-10-cm
Z87.01	http://hl7.org/fhir/sid/icd-10-cm
Z87.09	http://hl7.org/fhir/sid/icd-10-cm
Z87.11	http://hl7.org/fhir/sid/icd-10-cm
Z87.19	http://hl7.org/fhir/sid/icd-10-cm
Z87.39	http://hl7.org/fhir/sid/icd-10-cm
Z87.440	http://hl7.org/fhir/sid/icd-10-cm
Z87.442	http://hl7.org/fhir/sid/icd-10-cm
Z87.448	http://hl7.org/fhir/sid/icd-10-cm
Z87.81	http://hl7.org/fhir/sid/icd-10-cm
Z87.891	http://hl7.org/fhir/sid/icd-10-cm
Z87.898	http://hl7.org/fhir/sid/icd-10-cm
Z88.0	http://hl7.org/fhir/sid/icd-10-cm
Z88.1	http://hl7.org/fhir/sid/icd-10-cm
Z88.2	http://hl7.org/fhir/sid/icd-10-cm
Z88.5	http://hl7.org/fhir/sid/icd-10-cm
Z88.6	http://hl7.org/fhir/sid/icd-10-cm
Z88.8	http://hl7.org/fhir/sid/icd-10-cm
Z89.421	http://hl7.org/fhir/sid/icd-10-cm
Z89.422	http://hl7.org/fhir/sid/icd-10-cm
Z89.429	http://hl7.org/fhir/sid/icd-10-cm
Z90.49	http://hl7.org/fhir/sid/icd-10-cm
Z90.5	http://hl7.org/fhir/sid/icd-10-cm
Z90.710	http://hl7.org/fhir/sid/icd-10-cm
Z90.722	http://hl7.org/fhir/sid/icd-10-cm
Z90.79	http://hl7.org/fhir/sid/icd-10-cm
Z90.81	http://hl7.org/fhir/sid/icd-10-cm
Z90.89	http://hl7.org/fhir/sid/icd-10-cm
Z91.013	http://hl7.org/fhir/sid/icd-10-cm
Z91.018	http://hl7.org/fhir/sid/icd-10-cm
Z91.040	http://hl7.org/fhir/sid/icd-10-cm
Z91.041	http://hl7.org/fhir/sid/icd-10-cm
Z91.048	http://hl7.org/fhir/sid/icd-10-cm
Z91.09	http://hl7.org/fhir/sid/icd-10-cm
Z91.14	http://hl7.org/fhir/sid/icd-10-cm
Z91.19	http://hl7.org/fhir/sid/icd-10-cm
Z91.81	http://hl7.org/fhir/sid/icd-10-cm
Z91.89	http://hl7.org/fhir/sid/icd-10-cm
Z92.21	http://hl7.org/fhir/sid/icd-10-cm
Z92.25	http://hl7.org/fhir/sid/icd-10-cm
Z92.29	http://hl7.org/fhir/sid/icd-10-cm
Z92.3	http://hl7.org/fhir/sid/icd-10-cm
Z92.89	http://hl7.org/fhir/sid/icd-10-cm
Z93.1	http://hl7.org/fhir/sid/icd-10-cm
Z93.2	http://hl7.org/fhir/sid/icd-10-cm
Z93.3	http://hl7.org/fhir/sid/icd-10-cm
Z94.84	http://hl7.org/fhir/sid/icd-10-cm
Z95.0	http://hl7.org/fhir/sid/icd-10-cm
Z95.1	http://hl7.org/fhir/sid/icd-10-cm
Z95.2	http://hl7.org/fhir/sid/icd-10-cm
Z95.3	http://hl7.org/fhir/sid/icd-10-cm
Z95.4	http://hl7.org/fhir/sid/icd-10-cm
Z95.5	http://hl7.org/fhir/sid/icd-10-cm
Z95.810	http://hl7.org/fhir/sid/icd-10-cm
Z95.818	http://hl7.org/fhir/sid/icd-10-cm
Z95.820	http://hl7.org/fhir/sid/icd-10-cm
Z95.828	http://hl7.org/fhir/sid/icd-10-cm
Z96.0	http://hl7.org/fhir/sid/icd-10-cm
Z96.1	http://hl7.org/fhir/sid/icd-10-cm
Z96.641	http://hl7.org/fhir/sid/icd-10-cm
Z96.642	http://hl7.org/fhir/sid/icd-10-cm
Z96.643	http://hl7.org/fhir/sid/icd-10-cm
Z96.649	http://hl7.org/fhir/sid/icd-10-cm
Z96.651	http://hl7.org/fhir/sid/icd-10-cm
Z96.652	http://hl7.org/fhir/sid/icd-10-cm
Z96.653	http://hl7.org/fhir/sid/icd-10-cm
Z96.659	http://hl7.org/fhir/sid/icd-10-cm
Z98.0	http://hl7.org/fhir/sid/icd-10-cm
Z98.1	http://hl7.org/fhir/sid/icd-10-cm
Z98.41	http://hl7.org/fhir/sid/icd-10-cm
Z98.42	http://hl7.org/fhir/sid/icd-10-cm
Z98.49	http://hl7.org/fhir/sid/icd-10-cm
Z98.51	http://hl7.org/fhir/sid/icd-10-cm
Z98.61	http://hl7.org/fhir/sid/icd-10-cm
Z98.84	http://hl7.org/fhir/sid/icd-10-cm
Z98.890	http://hl7.org/fhir/sid/icd-10-cm
Z98.89	http://hl7.org/fhir/sid/icd-10-cm
Z99.11	http://hl7.org/fhir/sid/icd-10-cm
Z99.2	http://hl7.org/fhir/sid/icd-10-cm
Z99.3	http://hl7.org/fhir/sid/icd-10-cm
Z99.81	http://hl7.org/fhir/sid/icd-10-cm
Z99.89	http://hl7.org/fhir/sid/icd-10-cm